SITE_CODE,MAIN_EANCODE,ITEM_ID,SHORT_NAME,MRP,SALE_PRICE,ST_DATE,END_DATE,TRAN_USER_ID,TRAN_DATE
ST01,,1230,DAGDI FULL 250GM,168.75,168.75,16-Aug-24,31-Dec-99,ADMIN,16-08-2024 17:35
ST01,,1231,NAKESHWAR (LOOSE),1900,1800,16-Aug-24,31-Dec-99,ADMIN,16-08-2024 17:35
ST01,,1232,NAKESHWAR 1KG,1900,1900,16-Aug-24,31-Dec-99,ADMIN,16-08-2024 17:35
ST01,,1233,NAKESHWAR 500GM,950,950,16-Aug-24,31-Dec-99,ADMIN,16-08-2024 17:35
ST01,,1234,NAKESHWAR 250GM,475,475,16-Aug-24,31-Dec-99,ADMIN,16-08-2024 17:35
ST01,,1235,TRIFALA (LOOSE),600,600,16-Aug-24,31-Dec-99,ADMIN,16-08-2024 17:35
ST01,,1236,TRIFALA 1KG,600,600,16-Aug-24,31-Dec-99,ADMIN,16-08-2024 17:35
ST01,,1237,TRIFALA 500GM,300,300,16-Aug-24,31-Dec-99,ADMIN,16-08-2024 17:35
ST01,,1238,TRIFALA 250GM,150,150,16-Aug-24,31-Dec-99,ADMIN,16-08-2024 17:35
ST01,,1239,DHANE (LOOSE),150,150,16-Aug-24,31-Dec-99,CHAITRALI,18-08-2024 16:06
ST01,,1240,DHANE 1KG ,180,180,25-Aug-24,31-Dec-99,CHAITRALI,26-02-2025 13:45
ST01,,1240,DHANE 1KG ,150,150,16-Aug-24,31-Dec-99,ADMIN,16-08-2024 17:35
ST01,,1241,DHANE 500GM,75,75,16-Aug-24,31-Dec-99,ADMIN,16-08-2024 17:35
ST01,,1242,COCONUT POWDER (LOOSE),300,300,15-Nov-24,31-Dec-99,CHAITRALI,15-11-2024 14:08
ST01,,1242,COCONUT POWDER (LOOSE),200,200,16-Aug-24,31-Dec-99,ADMIN,16-08-2024 17:35
ST01,,1243,DINK (LOOSE),250,250,16-Aug-24,31-Dec-99,ADMIN,16-08-2024 17:35
ST01,,1244,DINK 1KG,250,250,16-Aug-24,31-Dec-99,ADMIN,16-08-2024 17:35
ST01,,1245,DINK 500GM,125,125,16-Aug-24,31-Dec-99,ADMIN,16-08-2024 17:35
ST01,,1246,LAVANG (LOOSE),1050,1050,22-Jan-25,,CHAITRALI,22-01-2025 12:40
ST01,,1246,LAVANG (LOOSE),1170,1170,16-Aug-24,31-Dec-99,CHAITRALI,18-08-2024 16:01
ST01,,1247,LAVANG 1KG,1170,1170,16-Aug-24,31-Dec-99,ADMIN,16-08-2024 17:35
ST01,,1252,KHADI SAKHAR D (LOOSE),100,100,20-Jan-25,,CHAITRALI,20-01-2025 15:43
ST01,,1256,SAKHAR FUTANE (LOOSE),60,60,18-Aug-24,,CHAITRALI,18-08-2024 16:14
ST01,,1260,PASTA LOOSE,150,150,11-Jan-25,31-Dec-99,CHAITRALI,20-01-2025 16:25
ST01,,1261,PASTA 1KG,100,100,20-Jan-25,,CHAITRALI,20-01-2025 16:25
ST01,,1263,PASTA 250GM,300,300,25-Aug-24,31-Dec-99,CHAITRALI,25-08-2024 15:26
ST01,,1263,PASTA 250GM,300,300,25-Aug-24,31-Dec-99,CHAITRALI,25-08-2024 15:23
ST01,,23437,KHOBARE 500 GM,180,180,29-Jul-25,31-Dec-99,CHAITRALI,30-07-2025 15:21
ST01,,22256,CHANA RED 500 GM,42,42,29-Jul-25,31-Dec-99,CHAITRALI,30-07-2025 16:18
ST01,8901786140251,25161,EVEREST SHAHI BIRYANI MASALA 25 GM,42,42,29-Jul-25,31-Dec-99,SHWETA,29-07-2025 20:32
ST01,8901786420513,25165,EVEREST TURMERIC POWDER 50 GM,23,23,29-Jul-25,31-Dec-99,SHWETA,30-07-2025 11:29
ST01,8901662025061,22933,SUHANA CHAT MASALA50GM,44,44,29-Jul-25,31-Dec-99,SHWETA,29-07-2025 19:40
ST01,8901030783241,11040,LIPTON  GREEN TEA HONY LEM10,75,75,29-Jul-25,31-Dec-99,CHAITRALI,30-07-2025 16:48
ST01,8901662027027,20037,SUHANA MUTTON GRAVY MIX 80G,50,50,29-Jul-25,31-Dec-99,SHWETA,29-07-2025 18:52
ST01,8901662027034,20038,SUHANA CHICKEN GRAVY MIX 80G,50,50,29-Jul-25,31-Dec-99,SHWETA,29-07-2025 18:52
ST01,8901662029168,19776,SUHANA CHICK TAN MIX MAS 100G,55,55,29-Jul-25,31-Dec-99,SHWETA,29-07-2025 20:05
ST01,8901786490509,22798,EVEREST FISH CURRY MASALA 50G,48,48,29-Jul-25,31-Dec-99,SHWETA,29-07-2025 20:31
ST01,8901662025214,22931,SUHANA BIRYANI MASALA 50GM,84,84,29-Jul-25,31-Dec-99,SHWETA,29-07-2025 19:39
ST01,8903241230231,27401,PRAVIN IMLY CHUTNY 85 GM,25,25,29-Jul-25,31-Dec-99,SHWETA,30-07-2025 12:12
ST01,,1299,TINIMINI WHITE 1 KG,140,140,20-Jan-25,,CHAITRALI,20-01-2025 17:38
ST01,,1331,RAMPATRI (LOOSE),1650,1650,27-Feb-25,,ADMIN,27-02-2025 12:54
ST01,,1335,BHINDI 1 KG,60,60,27-Feb-25,,ADMIN,27-02-2025 12:45
ST01,,1336,NALI 1 KG,60,60,27-Feb-25,,ADMIN,27-02-2025 12:45
ST01,,1337,FALUDA 200 GM,25,25,27-Feb-25,,ADMIN,27-02-2025 12:45
ST01,,1338,KHOBRA (LOOSE),210,210,27-Feb-25,,ADMIN,27-02-2025 13:31
ST01,,1339,KHOBRA 1 KG,360,360,29-Jul-25,31-Dec-99,CHAITRALI,30-07-2025 15:21
ST01,8901786130504,22893,EVEREST SABJI MASALA 50GM,38,38,29-Jul-25,31-Dec-99,SHWETA,29-07-2025 20:45
ST01,8901662028062,19801,SUHANA MUTTON MASALA 50G,48,48,29-Jul-25,31-Dec-99,SHWETA,29-07-2025 19:00
ST01,8901662028062,19801,SUHANA MUTTON MASALA 50G,48,48,29-Jul-25,31-Dec-99,SHWETA,29-07-2025 18:59
ST01,8901595863013,20248,CHINGS SCHEZWAN CHUTNEY 30 G,10,10,29-Jul-25,31-Dec-99,SHWETA,30-07-2025 12:23
ST01,,24248,CHANA RED 1 KG,84,84,29-Jul-25,31-Dec-99,CHAITRALI,30-07-2025 16:09
ST01,,22030,MOONG DAL {BULK},114,114,29-Jul-25,31-Dec-99,CHAITRALI,30-07-2025 15:44
ST01,,22039,TOOR DAL 1 KG,118,118,29-Jul-25,31-Dec-99,CHAITRALI,30-07-2025 15:13
ST01,8901396313106,13816,DETTOL ORIGINAL H W REF 175,50,50,29-Jul-25,31-Dec-99,CHAITRALI,30-07-2025 19:40
ST01,,27841,RAWA 1 KG,46,46,29-Jul-25,31-Dec-99,CHAITRALI,30-07-2025 16:22
ST01,8901786080502,23157,EVEREST SAMBAR MASALA 50GM,42,42,29-Jul-25,31-Dec-99,SHWETA,29-07-2025 20:30
ST01,8901786421015,22855,EVEREST TURMERIC POWDER 100G,46,46,29-Jul-25,31-Dec-99,SHWETA,30-07-2025 11:19
ST01,8901662024927,19800,SUHANA KIT KING MASALA 50GM,48,48,29-Jul-25,31-Dec-99,SHWETA,29-07-2025 18:58
ST01,8901662015260,22945,SUHANA PANIPURI MASALA 50GM,38,38,29-Jul-25,31-Dec-99,SHWETA,29-07-2025 20:42
ST01,8901662037927,22948,SUHANA MISAL MASALA 50GM,35,35,29-Jul-25,31-Dec-99,SHWETA,29-07-2025 19:02
ST01,8901052000807,10819,TATA GOLD TEA 250GM REF.,165,165,29-Jul-25,31-Dec-99,CHAITRALI,30-07-2025 16:56
ST01,8901662031055,19585,SUHANA VEG KOLHAPURI MIX 80 G,50,50,29-Jul-25,31-Dec-99,SHWETA,29-07-2025 18:56
ST01,,22241,RAJMA LAL  500 GM,66,66,29-Jul-25,31-Dec-99,CHAITRALI,30-07-2025 16:05
ST01,8901595863051,22997,SMITH & JONE PASTA MASALA 7 GM,5,5,29-Jul-25,31-Dec-99,SHWETA,30-07-2025 11:59
ST01,8901595972142,19779,CHINGS MANCHURIAN MIR MAS 13G,10,10,29-Jul-25,31-Dec-99,SHWETA,30-07-2025 11:57
ST01,,23949,UDAD DAL 250 GM,29,29,29-Jul-25,31-Dec-99,CHAITRALI,30-07-2025 15:20
ST01,8901595852321,20684,CHINGS CHILLI VINEGAR 170ML,50,50,29-Jul-25,31-Dec-99,SHWETA,30-07-2025 12:08
ST01,8901786280254,22810,EVEREST KASURI METHI 25GM,30,30,29-Jul-25,31-Dec-99,SHWETA,29-07-2025 20:50
ST01,8901786100507,22888,EVEREST GARAM MASALA 50GM,52,52,29-Jul-25,31-Dec-99,SHWETA,29-07-2025 20:47
ST01,,22343,RAWA SMALL 500 GM,23,23,29-Jul-25,31-Dec-99,CHAITRALI,30-07-2025 16:23
ST01,8901396315803,13811,DETTOL ORIGINALHW SQUEZ100 ML,35,35,29-Jul-25,31-Dec-99,CHAITRALI,30-07-2025 19:41
ST01,,24440,CHAWALI BIG PRE. 250 GM,27,27,29-Jul-25,31-Dec-99,SSM,29-07-2025 14:49
ST01,8901786630509,29181,EVEREST CHICKEN BIRYANI MASALA 50GM,68,68,29-Jul-25,31-Dec-99,SHWETA,29-07-2025 20:44
ST01,,25351,TOOR DAL 250 GM,29,29,29-Jul-25,31-Dec-99,CHAITRALI,30-07-2025 15:14
ST01,,22019,MOONG DAL 1 KG,115,115,29-Jul-25,31-Dec-99,CHAITRALI,30-07-2025 15:08
ST01,,22020,MOONG DAL 500 GM,58,58,29-Jul-25,31-Dec-99,CHAITRALI,30-07-2025 15:10
ST01,8901190103262,27324,FENA MAHABAR 115 GM,5,5,29-Jul-25,31-Dec-99,CHAITRALI,30-07-2025 13:30
ST01,8901595862818,20209,CHINGS SOYA SAUCE 90 GM REF,25,25,29-Jul-25,31-Dec-99,SHWETA,30-07-2025 12:04
ST01,8901063142213,17738,BRITANNIA N C HEV OAT OR 75GM,25,25,29-Jul-25,31-Dec-99,SSM,29-07-2025 17:34
ST01,8901786431014,22854,EVEREST CORIANDER POWDER 100G,40,35,29-Jul-25,31-Dec-99,SHWETA,29-07-2025 21:25
ST01,8901662028185,20042,SUHANA CHICKEN TIKKA MIX 80G,50,50,29-Jul-25,31-Dec-99,SHWETA,29-07-2025 20:06
ST01,,22228,MASOOR 250 GM,23,23,29-Jul-25,31-Dec-99,CHAITRALI,30-07-2025 15:54
ST01,,23417,SHENNGDANA 500 GM,62,62,29-Jul-25,31-Dec-99,SSM,29-07-2025 14:46
ST01,8901786140503,22820,EVEREST SHAHI BIRYA PULAV 50G,83,83,29-Jul-25,31-Dec-99,SHWETA,29-07-2025 20:50
ST01,8901786030507,22822,EVEREST PANI PURI MASALA 50G,40,40,29-Jul-25,31-Dec-99,SHWETA,29-07-2025 20:49
ST01,8901786581009,22824,EVEREST KANDA LASOUN CHAT100G,34,34,29-Jul-25,31-Dec-99,SHWETA,29-07-2025 21:17
ST01,8901786761005,28384,EVEREST GINGER GARLIC PASTE 100GM,25,25,29-Jul-25,31-Dec-99,SHWETA,30-07-2025 12:17
ST01,8901595972111,19386, SCHEZWAN FRIED RICE MAS 20 GM,10,10,29-Jul-25,31-Dec-99,SHWETA,30-07-2025 11:56
ST01,,24488,CHAWALI BIG PRE. 500 GM,52.5,52.5,29-Jul-25,31-Dec-99,SSM,29-07-2025 14:49
ST01,,1166,JARDALU (LOOSE),400,400,16-Aug-24,31-Dec-99,ADMIN,16-08-2024 17:35
ST01,,1167,JARDALU 1KG,400,400,16-Aug-24,31-Dec-99,ADMIN,16-08-2024 17:35
ST01,,1168,JARDALU 500GM,200,200,16-Aug-24,31-Dec-99,ADMIN,16-08-2024 17:35
ST01,,1169,JARDALU 250GM,100,100,16-Aug-24,31-Dec-99,ADMIN,16-08-2024 17:35
ST01,,1170,MAGAJ (LOOSE),700,700,16-Aug-24,31-Dec-99,CHAITRALI,19-10-2024 13:58
ST01,,1171,MAGAJ 1KG,700,700,16-Aug-24,31-Dec-99,ADMIN,16-08-2024 17:35
ST01,,1172,MAGAJ 500GM,350,350,16-Aug-24,31-Dec-99,ADMIN,16-08-2024 17:35
ST01,,1173,MAGAJ 250GM,175,175,16-Aug-24,31-Dec-99,ADMIN,16-08-2024 17:35
ST01,,1174,SAUF  (LOOSE),250,250,19-Oct-24,,CHAITRALI,19-10-2024 12:54
ST01,,1174,SAUF  (LOOSE),150,150,16-Aug-24,31-Dec-99,ADMIN,16-08-2024 17:35
ST01,,1175,SAUF 1KG,150,150,16-Aug-24,31-Dec-99,ADMIN,16-08-2024 17:35
ST01,,1176,SAUF 500GM,75,75,16-Aug-24,31-Dec-99,ADMIN,16-08-2024 17:35
ST01,,1177,SAUF 250GM,37.5,37.5,16-Aug-24,31-Dec-99,ADMIN,16-08-2024 17:35
ST01,,1178,METHI (LOOSE),100,100,16-Aug-24,31-Dec-99,CHAITRALI,22-01-2025 20:02
ST01,,1179,METHI 1KG,100,100,16-Aug-24,31-Dec-99,ADMIN,16-08-2024 17:35
ST01,,1180,METHI 500GM,50,50,16-Aug-24,31-Dec-99,ADMIN,16-08-2024 17:35
ST01,,1181,METHI 250GM,25,25,16-Aug-24,31-Dec-99,ADMIN,16-08-2024 17:35
ST01,,1182,JAYFAL (LOOSE),800,800,19-Oct-24,,CHAITRALI,19-10-2024 16:26
ST01,,1182,JAYFAL (LOOSE),700,700,16-Aug-24,31-Dec-99,CHAITRALI,18-08-2024 15:36
ST01,,1183,JAYFAL 1KG,700,700,16-Aug-24,31-Dec-99,ADMIN,16-08-2024 17:35
ST01,,1184,JAYFAL 500GM,350,350,16-Aug-24,31-Dec-99,ADMIN,16-08-2024 17:35
ST01,,1185,JAYFAL 250GM,175,175,16-Aug-24,31-Dec-99,ADMIN,16-08-2024 17:35
ST01,,1186,OVA (LOOSE),300,300,19-Oct-24,,CHAITRALI,19-10-2024 12:54
ST01,,1186,OVA (LOOSE),250,250,16-Aug-24,31-Dec-99,CHAITRALI,18-08-2024 17:25
ST01,,1187,OVA 1KG,250,250,16-Aug-24,31-Dec-99,ADMIN,16-08-2024 17:35
ST01,,1188,OVA 500GM,125,125,16-Aug-24,31-Dec-99,ADMIN,16-08-2024 17:35
ST01,,1189,OVA 250GM,62.5,62.5,16-Aug-24,31-Dec-99,ADMIN,16-08-2024 17:35
ST01,,1190,JEERA (LOOSE),400,400,19-Oct-24,,CHAITRALI,20-01-2025 17:06
ST01,,1190,JEERA (LOOSE),350,350,16-Aug-24,31-Dec-99,ADMIN,16-08-2024 17:35
ST01,,1191,JEERA 1KG,380,380,30-Aug-24,31-Dec-99,CHAITRALI,30-08-2024 15:40
ST01,,1191,JEERA 1KG,350,350,16-Aug-24,31-Dec-99,ADMIN,16-08-2024 17:35
ST01,,1192,JEERA 500GM,175,175,16-Aug-24,31-Dec-99,ADMIN,16-08-2024 17:35
ST01,,1193,JEERA 250GM,87.5,87.5,16-Aug-24,31-Dec-99,ADMIN,16-08-2024 17:35
ST01,,1194,SHAHAJEERA (LOOSE),700,700,16-Aug-24,31-Dec-99,ADMIN,16-08-2024 17:35
ST01,,1195,SHAHAJEERA 1KG,700,700,16-Aug-24,31-Dec-99,ADMIN,16-08-2024 17:35
ST01,,1196,SHAHAJEERA 500GM,350,350,16-Aug-24,31-Dec-99,ADMIN,16-08-2024 17:35
ST01,,1197,SHAHAJEERA 250GM,175,175,16-Aug-24,31-Dec-99,ADMIN,16-08-2024 17:35
ST01,,1198,DHANADAL (LOOSE),280,280,20-Jan-25,,CHAITRALI,20-01-2025 17:06
ST01,,1198,DHANADAL (LOOSE),240,240,16-Aug-24,31-Dec-99,ADMIN,16-08-2024 17:35
ST01,,1199,DHANADAL 1KG,240,240,16-Aug-24,31-Dec-99,ADMIN,16-08-2024 17:35
ST01,,1200,DHANADAL 500GM,120,120,16-Aug-24,31-Dec-99,ADMIN,16-08-2024 17:35
ST01,,1201,DHANADAL 250GM,60,60,16-Aug-24,31-Dec-99,ADMIN,16-08-2024 17:35
ST01,,1202,DALCHINI (LOOSE),325,325,16-Aug-24,31-Dec-99,CHAITRALI,18-08-2024 16:01
ST01,,1203,DALCHINI 1KG,325,325,16-Aug-24,31-Dec-99,ADMIN,16-08-2024 17:35
ST01,,1204,DALCHINI 500GM,162.5,162.5,16-Aug-24,31-Dec-99,ADMIN,16-08-2024 17:35
ST01,,1205,DALCHINI 250GM,150,150,22-Aug-24,31-Dec-99,CHAITRALI,22-08-2024 14:06
ST01,,1205,DALCHINI 250GM,81.25,81.25,16-Aug-24,31-Dec-99,ADMIN,16-08-2024 17:35
ST01,,1206,CIGARETTE DALCHINI (LOOSE),550,550,16-Aug-24,31-Dec-99,CHAITRALI,18-08-2024 16:01
ST01,,1207,CIGARETTE DALCHINI 1KG,550,550,16-Aug-24,31-Dec-99,ADMIN,16-08-2024 17:35
ST01,,1208,CIGARETTE DALCHINI 500GM,275,275,16-Aug-24,31-Dec-99,ADMIN,16-08-2024 17:35
ST01,8901786390519,25163,EVEREST TIKHALAL CHILLI POWDER 50 GM,30,30,29-Jul-25,31-Dec-99,SHWETA,30-07-2025 11:30
ST01,8901786430512,25164,EVEREST CORINDER POWDER 50 GM,20,20,29-Jul-25,31-Dec-99,SHWETA,29-07-2025 21:14
ST01,8901662024538,24902,SUHANA  PANEER TIKKA MASALA 50GM,45,45,29-Jul-25,31-Dec-99,SHWETA,29-07-2025 18:55
ST01,8901662002017,24903,AMBARI KANDA LASUN MASALA 200GM,62,62,29-Jul-25,31-Dec-99,SHWETA,30-07-2025 11:20
ST01,8901662002116,24905,SUHANA  AMBARI KANDA LASUN MASALA 50 GM,16,16,29-Jul-25,31-Dec-99,SHWETA,29-07-2025 21:18
ST01,8901662028161,22930,SUHANA CHICKEN MASALA50GM,48,48,29-Jul-25,31-Dec-99,SHWETA,29-07-2025 19:40
ST01,8901662040347,23675,SUHANA FISH FRY MASALA 80 GM,45,45,29-Jul-25,31-Dec-99,SHWETA,29-07-2025 19:56
ST01,8901662040347,23675,SUHANA FISH FRY MASALA 80 GM,45,45,29-Jul-25,31-Dec-99,SHWETA,29-07-2025 19:55
ST01,8901662040538,23677,SUHANA CHICKEN BIRYANI MASALA 50 GM,68,68,29-Jul-25,31-Dec-99,SHWETA,29-07-2025 19:01
ST01,8901595851218,24487,CHINGS VEG HAKKA NOODLES 150 GM,30,30,29-Jul-25,31-Dec-99,SHWETA,30-07-2025 12:16
ST01,8901023025181,27024,GODREJ S&C POWER PACKET LAVENDER BLO 10,65,65,29-Jul-25,31-Dec-99,CHAITRALI,30-07-2025 19:39
ST01,,1041,CASHEW SWP 1 KG,650,650,16-Aug-24,31-Dec-99,ADMIN,16-08-2024 17:35
ST01,,1001,CASHEW W-180 (LOOSE),1400,1400,16-Aug-24,31-Dec-99,ADMIN,16-08-2024 17:35
ST01,,1002,CASHEW W-180 1KG,1400,1400,16-Aug-24,31-Dec-99,ADMIN,16-08-2024 17:35
ST01,,1003,CASHEW W-180 500GM,700,700,16-Aug-24,31-Dec-99,ADMIN,16-08-2024 17:35
ST01,,1004,CASHEW W-180 250GM,350,350,16-Aug-24,31-Dec-99,ADMIN,16-08-2024 17:35
ST01,,1005,CASHEW W-210 (LOOSE),1300,1300,16-Aug-24,31-Dec-99,CHAITRALI,26-02-2025 13:53
ST01,,1006,CASHEW W-210 1KG,1300,1300,16-Aug-24,31-Dec-99,CHAITRALI,26-02-2025 13:51
ST01,,1007,CASHEW W-210 500GM,650,650,16-Aug-24,31-Dec-99,ADMIN,16-08-2024 17:35
ST01,,1008,CASHEW W-210 250GM,325,325,16-Aug-24,31-Dec-99,ADMIN,16-08-2024 17:35
ST01,,1009,CASHEW W-240 (LOOSE),1000,1000,16-Aug-24,31-Dec-99,CHAITRALI,26-02-2025 13:53
ST01,,1010,CASHEW W-240 1KG,1050,1050,19-Oct-24,,CHAITRALI,19-10-2024 16:55
ST01,,1010,CASHEW W-240 1KG,1000,1000,16-Aug-24,31-Dec-99,ADMIN,16-08-2024 17:35
ST01,,1011,CASHEW W-240 500GM,500,500,16-Aug-24,31-Dec-99,ADMIN,16-08-2024 17:35
ST01,,1012,CASHEW W-240 250GM,250,250,16-Aug-24,31-Dec-99,ADMIN,16-08-2024 17:35
ST01,,1013,CASHEW W-320 (LOOSE),950,950,16-Aug-24,31-Dec-99,CHAITRALI,26-02-2025 13:53
ST01,,1014,CASHEW W-320 1KG,950,950,16-Aug-24,31-Dec-99,CHAITRALI,19-10-2024 16:55
ST01,,1015,CASHEW W-320 500GM,475,475,16-Aug-24,31-Dec-99,ADMIN,16-08-2024 17:35
ST01,,1016,CASHEW W-320 250 GM,237.5,237.5,16-Aug-24,31-Dec-99,ADMIN,16-08-2024 17:35
ST01,,1017,CASHEW W-400 (LOOSE),900,900,16-Aug-24,31-Dec-99,CHAITRALI,26-02-2025 13:53
ST01,,1018,CASHEW W-400 1KG,900,900,29-Jul-25,31-Dec-99,CHAITRALI,30-07-2025 16:32
ST01,,1018,CASHEW W-400 1KG,950,950,19-Oct-24,,CHAITRALI,19-10-2024 16:55
ST01,,1018,CASHEW W-400 1KG,900,900,16-Aug-24,31-Dec-99,ADMIN,16-08-2024 17:35
ST01,,1019,CASHEW W-400 500GM,450,450,16-Aug-24,31-Dec-99,ADMIN,16-08-2024 17:35
ST01,,1020,CASHEW W-400 250GM,225,225,16-Aug-24,31-Dec-99,ADMIN,16-08-2024 17:35
ST01,,1021,CASHEW W-500 (LOOSE),750,750,16-Aug-24,31-Dec-99,ADMIN,16-08-2024 17:35
ST01,,1022,CASHEW W-500 1KG,750,750,16-Aug-24,31-Dec-99,CHAITRALI,26-02-2025 13:51
ST01,,1023,CASHEW W-500 500GM,375,375,16-Aug-24,31-Dec-99,ADMIN,16-08-2024 17:35
ST01,,1024,CASHEW JH&S (LOOSE),950,950,19-Oct-24,,CHAITRALI,19-10-2024 16:55
ST01,,1024,CASHEW JH&S (LOOSE),800,800,16-Aug-24,31-Dec-99,CHAITRALI,26-02-2025 13:53
ST01,,1025,CASHEW JH&S 1KG,800,800,16-Aug-24,31-Dec-99,CHAITRALI,26-02-2025 13:51
ST01,,1026,CASHEW JH&S 500GM,950,950,26-Feb-25,,CHAITRALI,26-02-2025 13:53
ST01,,1026,CASHEW JH&S 500GM,400,400,16-Aug-24,31-Dec-99,ADMIN,16-08-2024 17:35
ST01,,1027,CASHEW JH&S 250GM,200,200,16-Aug-24,31-Dec-99,ADMIN,16-08-2024 17:35
ST01,,1028,CASHEW JK&K (LOOSE),800,800,16-Aug-24,31-Dec-99,CHAITRALI,26-02-2025 13:53
ST01,,1029,CASHEW JK&K 1KG,850,850,19-Oct-24,,CHAITRALI,19-10-2024 16:55
ST01,,1029,CASHEW JK&K 1KG,800,800,16-Aug-24,31-Dec-99,CHAITRALI,26-02-2025 13:51
ST01,,1030,CASHEW JK&K 500GM,400,400,16-Aug-24,31-Dec-99,ADMIN,16-08-2024 17:35
ST01,,1031,CASHEW JK&K 250GM,200,200,16-Aug-24,31-Dec-99,ADMIN,16-08-2024 17:35
ST01,,1032,CASHEW LWP (LOOSE),800,800,19-Oct-24,,CHAITRALI,19-10-2024 16:55
ST01,,1032,CASHEW LWP (LOOSE),700,700,16-Aug-24,31-Dec-99,CHAITRALI,26-02-2025 13:53
ST01,,1033,CASHEW LWP 1KG,700,700,16-Aug-24,31-Dec-99,CHAITRALI,26-02-2025 13:51
ST01,,1034,CASHEW LWP 500GM,350,350,16-Aug-24,31-Dec-99,ADMIN,16-08-2024 17:35
ST01,,1035,CASHEW LWP 250GM,175,175,16-Aug-24,31-Dec-99,ADMIN,16-08-2024 17:35
ST01,,1036,CASHEW BB BIG (LOOSE),750,750,19-Oct-24,,CHAITRALI,19-10-2024 16:55
ST01,,1036,CASHEW BB BIG (LOOSE),550,550,16-Aug-24,31-Dec-99,CHAITRALI,26-02-2025 13:53
ST01,,1037,CASHEW BB BIG 1KG,550,550,16-Aug-24,31-Dec-99,ADMIN,16-08-2024 17:35
ST01,,1038,CASHEW BB BIG 500GM,275,275,16-Aug-24,31-Dec-99,ADMIN,16-08-2024 17:35
ST01,,1039,CASHEW BB BIG 250GM,137.5,137.5,16-Aug-24,31-Dec-99,ADMIN,16-08-2024 17:35
ST01,8901595972340,22897,CHINGS CHICKEN 65 MIR MAS 25G,10,10,29-Jul-25,31-Dec-99,SHWETA,30-07-2025 11:58
ST01,8901595863426,22693,SMITH & JONE PERI PERI MI10GM,5,5,29-Jul-25,31-Dec-99,SHWETA,30-07-2025 11:51
ST01,,22242,MASOOR WHOLE (BULK),92,92,29-Jul-25,31-Dec-99,CHAITRALI,30-07-2025 15:52
ST01,,23464,SABOODANA 1 KG,65,65,29-Jul-25,31-Dec-99,CHAITRALI,30-07-2025 15:24
ST01,,23465,SABOODANA 500 GM,33,33,29-Jul-25,31-Dec-99,CHAITRALI,30-07-2025 15:25
ST01,,1040,CASHEW SWP (LOOSE),750,750,19-Oct-24,,CHAITRALI,19-10-2024 16:55
ST01,,1040,CASHEW SWP (LOOSE),650,650,16-Aug-24,31-Dec-99,CHAITRALI,26-02-2025 13:51
ST01,,1042,CASHEW SWP 500GM,325,325,16-Aug-24,31-Dec-99,ADMIN,16-08-2024 17:35
ST01,,1043,CASHEW SWP 250GM,162.5,162.5,16-Aug-24,31-Dec-99,ADMIN,16-08-2024 17:35
ST01,,1044,MIX CASHEW (LOOSE),950,950,26-Feb-25,,CHAITRALI,26-02-2025 13:53
ST01,,1044,MIX CASHEW (LOOSE),900,900,16-Aug-24,31-Dec-99,CHAITRALI,26-02-2025 13:53
ST01,,1045,MIX CASHEW 1KG,1000,1000,19-Oct-24,,CHAITRALI,19-10-2024 16:55
ST01,,1045,MIX CASHEW 1KG,900,900,16-Aug-24,31-Dec-99,CHAITRALI,26-02-2025 13:51
ST01,,1046,MIX CASHEW 500GM,450,450,16-Aug-24,31-Dec-99,ADMIN,16-08-2024 17:35
ST01,,1047,MIX CASHEW 250GM,225,225,16-Aug-24,31-Dec-99,ADMIN,16-08-2024 17:35
ST01,,1048,MASALA CASHEW (LOOSE),800,800,16-Aug-24,31-Dec-99,ADMIN,16-08-2024 17:35
ST01,,1049,MASALA CASHEW 1KG,800,800,16-Aug-24,31-Dec-99,ADMIN,16-08-2024 17:35
ST01,,1050,MASALA CASHEW 500GM,400,400,16-Aug-24,31-Dec-99,ADMIN,16-08-2024 17:35
ST01,,1051,MASALA CASHEW 250GM,200,200,16-Aug-24,31-Dec-99,ADMIN,16-08-2024 17:35
ST01,,1052,SOLTED CASHEW (LOOSE),800,800,16-Aug-24,31-Dec-99,ADMIN,16-08-2024 17:35
ST01,,1053,SOLTED CASHEW 1KG,800,800,16-Aug-24,31-Dec-99,ADMIN,16-08-2024 17:35
ST01,,1054,SOLTED CASHEW 500GM,400,400,16-Aug-24,31-Dec-99,ADMIN,16-08-2024 17:35
ST01,,1055,SOLTED CASHEW 250GM,200,200,16-Aug-24,31-Dec-99,ADMIN,16-08-2024 17:35
ST01,,1056,ALMONDS B (LOOSE),800,800,19-Oct-24,,CHAITRALI,19-10-2024 13:50
ST01,,1056,ALMONDS B (LOOSE),700,700,16-Aug-24,31-Dec-99,CHAITRALI,18-08-2024 16:22
ST01,,1057,ALMONDS B 1KG,850,850,20-Jan-25,,ADMIN,20-01-2025 12:45
ST01,,1057,ALMONDS B 1KG,700,700,16-Aug-24,31-Dec-99,ADMIN,16-08-2024 17:35
ST01,,1058,ALMONDS B 500GM,350,350,16-Aug-24,31-Dec-99,ADMIN,16-08-2024 17:35
ST01,,1059,ALMONDS B 250GM,175,175,16-Aug-24,31-Dec-99,ADMIN,16-08-2024 17:35
ST01,,1060,ALMONDS G (LOOSE),900,900,16-Aug-24,31-Dec-99,CHAITRALI,19-10-2024 12:58
ST01,,1061,ALMONDS G 1KG,900,900,16-Aug-24,31-Dec-99,CHAITRALI,19-10-2024 13:14
ST01,,1062,ALMONDS G 500GM,450,450,16-Aug-24,31-Dec-99,ADMIN,16-08-2024 17:35
ST01,,1063,ALMONDS 250GM,225,225,16-Aug-24,31-Dec-99,ADMIN,16-08-2024 17:35
ST01,,1068,GREEN PISTA (LOOSE),1650,1650,16-Aug-24,31-Dec-99,ADMIN,16-08-2024 17:35
ST01,,1069,GREEN PISTA 1KG,1650,1650,16-Aug-24,31-Dec-99,CHAITRALI,22-01-2025 20:14
ST01,,1070,GREEN PISTA 500GM,825,825,16-Aug-24,31-Dec-99,ADMIN,16-08-2024 17:35
ST01,,1071,GREEN PISTA 250GM,412.5,412.5,16-Aug-24,31-Dec-99,ADMIN,16-08-2024 17:35
ST01,,1072,SOLTED PISTA I (LOOSE),1300,1250,19-Oct-24,,CHAITRALI,19-10-2024 13:30
ST01,,1072,SOLTED PISTA I (LOOSE),1100,1100,16-Aug-24,31-Dec-99,CHAITRALI,17-08-2024 17:34
ST01,,1073,SOLTED PISTA I 1KG,1200,1200,20-Jan-25,,ADMIN,20-01-2025 12:53
ST01,,1073,SOLTED PISTA I 1KG,1100,1100,16-Aug-24,31-Dec-99,ADMIN,16-08-2024 17:35
ST01,,1074,SOLTED PISTA I 500GM,550,550,16-Aug-24,31-Dec-99,ADMIN,16-08-2024 17:35
ST01,,1075,SOLTED PISTA I 250GM,275,275,16-Aug-24,31-Dec-99,ADMIN,16-08-2024 17:35
ST01,,1076,SOLTED PISTA A (LOOSE),1250,1250,19-Oct-24,,CHAITRALI,19-10-2024 13:33
ST01,,1076,SOLTED PISTA A (LOOSE),1150,1150,16-Aug-24,31-Dec-99,ADMIN,16-08-2024 17:35
ST01,,1077,SOLTED PISTA A 1KG,1150,1150,16-Aug-24,31-Dec-99,ADMIN,16-08-2024 17:35
ST01,,1078,SOLTED PISTA A 500GM,575,575,16-Aug-24,31-Dec-99,ADMIN,16-08-2024 17:35
ST01,,1079,SOLTED PISTA A 250GM,300,300,25-Aug-24,31-Dec-99,CHAITRALI,25-08-2024 15:30
ST01,,1079,SOLTED PISTA A 250GM,287.5,287.5,16-Aug-24,31-Dec-99,ADMIN,16-08-2024 17:35
ST01,,1080,ANJEER (LOOSE),1650,1650,19-Oct-24,,CHAITRALI,19-10-2024 16:14
ST01,,1080,ANJEER (LOOSE),1200,1200,16-Aug-24,31-Dec-99,ADMIN,16-08-2024 17:35
ST01,,1081,ANJEER 1KG,1200,1200,16-Aug-24,31-Dec-99,ADMIN,16-08-2024 17:35
ST01,8901595862801,20236,CHINGS GRE.CHILLI  SAUCE  90G,25,25,29-Jul-25,31-Dec-99,SHWETA,30-07-2025 12:03
ST01,8901023025068,24851,GODREJ S&C POWER POCKET BERRY RUSH 10 GM,65,65,29-Jul-25,31-Dec-99,CHAITRALI,30-07-2025 19:39
ST01,8901595862726,20285,CHINGS SOYA SAUCE 200 GM BTL,60,60,29-Jul-25,31-Dec-99,SHWETA,30-07-2025 12:07
ST01,8901786260508,23079,EVEREST BLACK PEPPER POWDER 50G,78,78,29-Jul-25,31-Dec-99,SHWETA,29-07-2025 20:43
ST01,8901595971237,20074,CHINGS SWEET CORN VEG SO 20GM,10,10,29-Jul-25,31-Dec-99,SHWETA,30-07-2025 11:52
ST01,8901595971213,20075,CHINGS TOMATO N SOUP 20GM,10,10,29-Jul-25,31-Dec-99,SHWETA,30-07-2025 11:53
ST01,8901063093287,17758,BRITANNIA G/D CASHEW 200GM CB,50,50,29-Jul-25,31-Dec-99,SHWETA,29-07-2025 16:49
ST01,8901662028154,24883,SUHANA  CHIKEN MASALA 10 GM,10,10,29-Jul-25,31-Dec-99,SHWETA,29-07-2025 20:29
ST01,8901662028154,24883,SUHANA  CHIKEN MASALA 10 GM,10,10,29-Jul-25,31-Dec-99,SHWETA,29-07-2025 20:21
ST01,8901662024712,24888,SUHANA  PAVBHAJI MASALA 10GM,10,10,29-Jul-25,31-Dec-99,SHWETA,29-07-2025 20:46
ST01,8901662036876,24889,SUHANA  PANIPURI  MASALA 10GM,10,10,29-Jul-25,31-Dec-99,SHWETA,29-07-2025 20:29
ST01,8901662025207,24890,SUHANA  BIRYANI MASALA 10GM,10,10,29-Jul-25,31-Dec-99,SHWETA,29-07-2025 20:22
ST01,8901662036845,24891,SUHANA  KACHHI DABELI MASALA 10GM,10,10,29-Jul-25,31-Dec-99,SHWETA,29-07-2025 20:19
ST01,8901662037910,24892,SUHANA  MISAL MASALA 10GM,10,10,29-Jul-25,31-Dec-99,SHWETA,29-07-2025 20:42
ST01,8901662025054,24893,SUHANA  CHAT MASALA 10GM,10,10,29-Jul-25,31-Dec-99,SHWETA,29-07-2025 20:30
ST01,8901662036524,24894,SUHANA  PANEER MASALA 10GM,10,10,29-Jul-25,31-Dec-99,SHWETA,29-07-2025 20:26
ST01,8901662027744,24896,SUHANA  FISH  MASALA 10GM,10,10,29-Jul-25,31-Dec-99,SHWETA,29-07-2025 20:28
ST01,8901662025139,24898,SUHANA  CHHOLE MASALA 10GM,10,10,29-Jul-25,31-Dec-99,SHWETA,29-07-2025 20:27
ST01,,1082,ANJEER 500GM,800,800,25-Aug-24,31-Dec-99,CHAITRALI,25-08-2024 15:05
ST01,,1082,ANJEER 500GM,800,800,25-Aug-24,31-Dec-99,CHAITRALI,25-08-2024 15:03
ST01,,1082,ANJEER 500GM,600,600,16-Aug-24,31-Dec-99,ADMIN,16-08-2024 17:35
ST01,,1119,IMLI (LOOSE),160,160,19-Oct-24,,ADMIN,20-01-2025 12:39
ST01,,1119,IMLI (LOOSE),140,140,16-Aug-24,31-Dec-99,CHAITRALI,18-08-2024 16:08
ST01,,1120,IMLI 1KG,140,140,16-Aug-24,31-Dec-99,CHAITRALI,26-02-2025 13:44
ST01,,1121,IMLI 500GM,70,70,16-Aug-24,31-Dec-99,ADMIN,16-08-2024 17:35
ST01,,1122,IMLI 250GM,35,35,16-Aug-24,31-Dec-99,ADMIN,16-08-2024 17:35
ST01,,1123,KHARIKH (LOOSE),300,300,16-Aug-24,31-Dec-99,ADMIN,16-08-2024 17:35
ST01,,1083,ANJEER 250GM,300,300,16-Aug-24,31-Dec-99,ADMIN,16-08-2024 17:35
ST01,,1084,BARFI ANJEER (LOOSE),700,700,16-Aug-24,31-Dec-99,ADMIN,16-08-2024 17:35
ST01,,1085,BARFI ANJEER 1KG,700,700,16-Aug-24,31-Dec-99,ADMIN,16-08-2024 17:35
ST01,,1086,BARFI ANJEER 500GM,350,350,16-Aug-24,31-Dec-99,ADMIN,16-08-2024 17:35
ST01,,1087,BARFI ANJEER 250GM,175,175,16-Aug-24,31-Dec-99,ADMIN,16-08-2024 17:35
ST01,,1088,AKROD (LOOSE),1850,1850,19-Oct-24,,CHAITRALI,19-10-2024 16:04
ST01,,1088,AKROD (LOOSE),1350,1350,16-Aug-24,31-Dec-99,ADMIN,16-08-2024 17:35
ST01,,1089,AKROD 1 KG,1950,1950,19-Oct-24,,CHAITRALI,19-10-2024 16:04
ST01,,1089,AKROD 1 KG,1350,1350,16-Aug-24,31-Dec-99,ADMIN,16-08-2024 17:35
ST01,,1090,AKROD 500GM,800,800,25-Aug-24,31-Dec-99,CHAITRALI,25-08-2024 15:06
ST01,,1090,AKROD 500GM,675,675,16-Aug-24,31-Dec-99,ADMIN,16-08-2024 17:35
ST01,,1091,AKROD 250GM,337.5,337.5,16-Aug-24,31-Dec-99,ADMIN,16-08-2024 17:35
ST01,,1092,CHAROLI (LOOSE),2350,2350,16-Aug-24,31-Dec-99,ADMIN,16-08-2024 17:35
ST01,,1093,CHAROLI 1KG,2350,2350,16-Aug-24,31-Dec-99,ADMIN,16-08-2024 17:35
ST01,,1094,CHAROLI 500GM,1175,1175,16-Aug-24,31-Dec-99,ADMIN,16-08-2024 17:35
ST01,,1095,CHAROLI 250GM,587.5,587.5,16-Aug-24,31-Dec-99,ADMIN,16-08-2024 17:35
ST01,,1096,VELCHI GREEN 8MM (LOOSE),3600,3600,17-Aug-24,,ADMIN,17-08-2024 15:47
ST01,,1099,VELCHI GREEN 7.5MM (LOOSE),4500,4500,20-Jan-25,,CHAITRALI,20-01-2025 16:08
ST01,,1099,VELCHI GREEN 7.5MM (LOOSE),3500,3500,16-Aug-24,31-Dec-99,ADMIN,16-08-2024 17:35
ST01,,1100,VELCHI GREEN 7.5MM 1KG,3500,3500,16-Aug-24,31-Dec-99,ADMIN,16-08-2024 17:35
ST01,,1101,VELCHI GREEN 7.5MM 500GM,1750,1750,16-Aug-24,31-Dec-99,ADMIN,16-08-2024 17:35
ST01,,1102,VELCHI GREEN 7.5MM 250GM,875,875,16-Aug-24,31-Dec-99,ADMIN,16-08-2024 17:35
ST01,,1103,VELCHI GREEN 6.8MM (LOOSE),3200,3200,16-Aug-24,31-Dec-99,ADMIN,16-08-2024 17:35
ST01,,1104,VELCHI GREEN 6.8MM 1KG,3200,3200,16-Aug-24,31-Dec-99,ADMIN,16-08-2024 17:35
ST01,,1105,VELCHI GREEN 6.8MM 500GM,1600,1600,16-Aug-24,31-Dec-99,ADMIN,16-08-2024 17:35
ST01,,1106,VELCHI GREEN 6.8MM 250GM,800,800,16-Aug-24,31-Dec-99,ADMIN,16-08-2024 17:35
ST01,,1107,KISHMISH (LOOSE),350,350,20-Jan-25,,CHAITRALI,20-01-2025 17:43
ST01,,1107,KISHMISH (LOOSE),300,300,16-Aug-24,31-Dec-99,CHAITRALI,19-10-2024 15:56
ST01,,1108,KISHMISH 1KG,300,300,16-Aug-24,31-Dec-99,CHAITRALI,19-10-2024 15:56
ST01,,1109,KISHMISH 500GM,150,150,16-Aug-24,31-Dec-99,ADMIN,16-08-2024 17:35
ST01,,1110,KISHMISH 250GM,75,75,16-Aug-24,31-Dec-99,ADMIN,16-08-2024 17:35
ST01,,1111,KISHMISH BLACK (LOOSE),400,400,16-Aug-24,31-Dec-99,CHAITRALI,19-10-2024 16:14
ST01,,1112,KISHMISH BLACK 1KG,400,400,16-Aug-24,31-Dec-99,ADMIN,16-08-2024 17:35
ST01,,1113,KISHMISH BLACK 500GM,200,200,16-Aug-24,31-Dec-99,ADMIN,16-08-2024 17:35
ST01,,1114,KISHMISH BLACK 250GM,100,100,16-Aug-24,31-Dec-99,ADMIN,16-08-2024 17:35
ST01,,1115,KISHMISH BLACK J (LOOSE),250,250,16-Aug-24,31-Dec-99,ADMIN,16-08-2024 17:35
ST01,,1116,KISHMISH BLACK J 1KG,250,250,16-Aug-24,31-Dec-99,ADMIN,16-08-2024 17:35
ST01,,1117,KISHMISH BLACK J 500GM,125,125,16-Aug-24,31-Dec-99,ADMIN,16-08-2024 17:35
ST01,8904109450136,25126,PATANJALI ALOEVERA KANTI 75 GM,22,22,29-Jul-25,31-Dec-99,CHAITRALI,30-07-2025 19:23
ST01,,22247,RAJMA LAL (BULK),132,132,29-Jul-25,31-Dec-99,CHAITRALI,30-07-2025 16:05
ST01,8901030456381,11008,TAAZA TEA  250GM PLS,65,65,29-Jul-25,31-Dec-99,CHAITRALI,30-07-2025 17:01
ST01,8904043901015,20437,TATA SALT 1 KG,30,30,29-Jul-25,31-Dec-99,SHWETA,29-07-2025 20:16
ST01,,22335,MAIDA 1 KG,46,46,29-Jul-25,31-Dec-99,CHAITRALI,30-07-2025 16:19
ST01,8901786160501,23080,EVEREST CHICKEN MASALA 50GM,48,48,29-Jul-25,31-Dec-99,SHWETA,29-07-2025 20:36
ST01,8901786270507,23165,EVEREST DRY MANGO POWDER 50GM,50,50,29-Jul-25,31-Dec-99,SHWETA,29-07-2025 20:49
ST01,8901662015680,22981,SUHANA KACHI DABELI MAS 50 GM,27,27,29-Jul-25,31-Dec-99,SHWETA,29-07-2025 20:32
ST01,,1124,KHARIKH 1KG,300,300,16-Aug-24,31-Dec-99,ADMIN,16-08-2024 17:35
ST01,,1125,KHARIKH 500GM,150,150,16-Aug-24,31-Dec-99,ADMIN,16-08-2024 17:35
ST01,,1126,KHARIKH 250GM,75,75,16-Aug-24,31-Dec-99,ADMIN,16-08-2024 17:35
ST01,,1127,KHARIKH POWDER  (LOOSE),300,300,16-Aug-24,31-Dec-99,CHAITRALI,22-01-2025 20:04
ST01,,1128,KHARIKH POWDER 1KG,300,300,16-Aug-24,31-Dec-99,ADMIN,16-08-2024 17:35
ST01,,1129,KHARIKH POWDER 500GM,150,150,16-Aug-24,31-Dec-99,ADMIN,16-08-2024 17:35
ST01,,1130,KHARIKH POWDER 250GM,75,75,16-Aug-24,31-Dec-99,ADMIN,16-08-2024 17:35
ST01,,1131,LAL KHAJUR (LOOSE),100,100,19-Oct-24,,CHAITRALI,19-10-2024 17:05
ST01,,1131,LAL KHAJUR (LOOSE),85,85,16-Aug-24,31-Dec-99,ADMIN,16-08-2024 17:35
ST01,,1132,LAL KHAJUR 1KG,85,85,16-Aug-24,31-Dec-99,ADMIN,16-08-2024 17:35
ST01,,1133,LAL KHAJUR 500GM,100,100,30-Aug-24,31-Dec-99,CHAITRALI,30-08-2024 15:32
ST01,,1133,LAL KHAJUR 500GM,42.5,42.5,16-Aug-24,31-Dec-99,ADMIN,16-08-2024 17:35
ST01,,1134,LAL KHAJUR 250GM,21.25,21.25,16-Aug-24,31-Dec-99,ADMIN,16-08-2024 17:35
ST01,,1135,BLACK DATES  (LOOSE),300,300,16-Aug-24,31-Dec-99,ADMIN,27-02-2025 13:15
ST01,,1136,BLACK DATES 1KG,300,300,16-Aug-24,31-Dec-99,CHAITRALI,17-08-2024 17:37
ST01,,1137,BLACK DATES 500GM,300,300,27-Feb-25,,ADMIN,27-02-2025 13:10
ST01,,1137,BLACK DATES 500GM,150,150,16-Aug-24,31-Dec-99,ADMIN,16-08-2024 17:35
ST01,,1138,BLACK DATES 250GM,75,75,16-Aug-24,31-Dec-99,ADMIN,16-08-2024 17:35
ST01,,1139,RIVO DATES 500GM,150,150,16-Aug-24,31-Dec-99,ADMIN,16-08-2024 17:35
ST01,,1140,RIVO DATES BOTTLE 500GM,150,150,16-Aug-24,31-Dec-99,ADMIN,16-08-2024 17:35
ST01,,1141,KIMIYA 500 GM,150,150,16-Aug-24,31-Dec-99,ADMIN,16-08-2024 17:35
ST01,,1142,PANI PURI (LOOSE),100,100,09-Jan-25,31-Dec-99,CHAITRALI,20-01-2025 16:14
ST01,,1142,PANI PURI (LOOSE),85,85,16-Aug-24,31-Dec-99,CHAITRALI,19-10-2024 14:07
ST01,,1143,PANI PURI 1KG,150,150,11-Jan-25,31-Dec-99,CHAITRALI,11-01-2025 12:44
ST01,,1143,PANI PURI 1KG,85,85,16-Aug-24,31-Dec-99,ADMIN,16-08-2024 17:35
ST01,,1144,PANI PURI 500GM,42.5,42.5,16-Aug-24,31-Dec-99,ADMIN,16-08-2024 17:35
ST01,,1145,PANI PURI 250GM,21.25,21.25,16-Aug-24,31-Dec-99,ADMIN,16-08-2024 17:35
ST01,,1146,KOKAM 1KG (LOOSE),150,150,25-Aug-24,31-Dec-99,CHAITRALI,20-01-2025 17:54
ST01,,1146,KOKAM 1KG (LOOSE),100,100,16-Aug-24,31-Dec-99,ADMIN,16-08-2024 17:35
ST01,,1147,KOKAM 500GM ,100,100,16-Aug-24,31-Dec-99,ADMIN,16-08-2024 17:35
ST01,,1148,KOKAM 250GM,50,50,16-Aug-24,31-Dec-99,ADMIN,16-08-2024 17:35
ST01,,1149,MAKHANA 250GM,375,375,19-Oct-24,,CHAITRALI,20-01-2025 17:54
ST01,,1149,MAKHANA 250GM,337.5,337.5,16-Aug-24,31-Dec-99,CHAITRALI,18-08-2024 15:36
ST01,,1150,AVLA CANDY (LOOSE),250,250,16-Aug-24,31-Dec-99,ADMIN,16-08-2024 17:35
ST01,,1151,AVLA CANDY 1KG,250,250,16-Aug-24,31-Dec-99,CHAITRALI,22-01-2025 20:23
ST01,,1152,AVLA CANDY 500GM,125,125,16-Aug-24,31-Dec-99,ADMIN,16-08-2024 17:35
ST01,,1153,AVLA CANDY 250GM,62.5,62.5,16-Aug-24,31-Dec-99,ADMIN,16-08-2024 17:35
ST01,,1154,KHASKHAS (LOOSE),1850,1850,16-Aug-24,31-Dec-99,CHAITRALI,19-10-2024 16:26
ST01,,1155,KHASKHAS 1KG,1850,1850,16-Aug-24,31-Dec-99,ADMIN,16-08-2024 17:35
ST01,,1156,KHASKHAS 500GM,925,925,16-Aug-24,31-Dec-99,ADMIN,16-08-2024 17:35
ST01,,1157,KHASKHAS 250GM,462.5,462.5,16-Aug-24,31-Dec-99,ADMIN,16-08-2024 17:35
ST01,,1158,TIL (LOOSE),300,300,16-Aug-24,31-Dec-99,CHAITRALI,22-01-2025 20:02
ST01,,1159,TIL 1KG,300,300,16-Aug-24,31-Dec-99,CHAITRALI,26-02-2025 13:50
ST01,,1160,TIL 500GM,150,150,16-Aug-24,31-Dec-99,ADMIN,16-08-2024 17:35
ST01,,1161,TIL 250GM,75,75,16-Aug-24,31-Dec-99,ADMIN,16-08-2024 17:35
ST01,,1162,ALSHI (LOOSE),200,200,26-Feb-25,,CHAITRALI,26-02-2025 13:50
ST01,,1162,ALSHI (LOOSE),100,100,16-Aug-24,31-Dec-99,ADMIN,16-08-2024 17:35
ST01,,1163,ALSHI 1KG,100,100,16-Aug-24,31-Dec-99,ADMIN,16-08-2024 17:35
ST01,,1164,ALSHI 500GM,50,50,16-Aug-24,31-Dec-99,ADMIN,16-08-2024 17:35
ST01,,1165,ALSHI 250GM,25,25,16-Aug-24,31-Dec-99,ADMIN,16-08-2024 17:35
ST01,8901662027010,20023,SUHANA MUTTER PANEER MIX 50GM,45,45,29-Jul-25,31-Dec-99,SHWETA,29-07-2025 18:54
ST01,8901662028055,24899,SUHANA  MEAT MASALA 10GM,10,10,29-Jul-25,31-Dec-99,SHWETA,29-07-2025 20:34
ST01,8901063014145,17711,BRITANNIA VITA MARIE GOLD 150,30,30,29-Jul-25,31-Dec-99,SHWETA,29-07-2025 16:51
ST01,8901662031031,20033,SUHANA VEG BIRYANI MIX 50G,45,45,29-Jul-25,31-Dec-99,SHWETA,29-07-2025 19:58
ST01,,25312,MOONG DAL 250 GM,29,29,29-Jul-25,31-Dec-99,CHAITRALI,30-07-2025 15:11
ST01,,25313,MASOOR DAL 250 GM,25,25,29-Jul-25,31-Dec-99,CHAITRALI,30-07-2025 15:17
ST01,,25313,MASOOR DAL 250 GM,25,25,29-Jul-25,31-Dec-99,SSM,29-07-2025 15:09
ST01,8901662036869,26463,SUHANA JALJEERA MASALA 10 GM,10,10,29-Jul-25,31-Dec-99,SHWETA,29-07-2025 20:41
ST01,8903241220270,26466,PRAVIN TOMATO KETCHUP 85 GM,15,15,29-Jul-25,31-Dec-99,SHWETA,30-07-2025 11:59
ST01,,1118,KISHMISH BLACK J 250 GM,62.5,62.5,16-Aug-24,31-Dec-99,ADMIN,16-08-2024 17:35
ST01,,1272,BB SAMALL,680,680,19-Oct-24,,CHAITRALI,19-10-2024 16:55
ST01,,1340,FOOD COLOUR,65,65,27-Feb-25,,ADMIN,27-02-2025 13:00
ST01,,1341,BLACK KHARIK ( LOOSE),250,225,27-Feb-25,,ADMIN,27-02-2025 13:39
ST01,,1344,HAJINAMOTO (LOOSE),140,140,27-Feb-25,,ADMIN,27-02-2025 13:04
ST01,,1302,METHI POWDER (LOOS),108,108,22-Jan-25,,CHAITRALI,22-01-2025 20:02
ST01,,1307,GREEN  SAUF  1 KG,165,165,22-Jan-25,,CHAITRALI,22-01-2025 20:02
ST01,,1310,RAI BIG  (LOOS),85,85,22-Jan-25,,CHAITRALI,22-01-2025 20:02
ST01,,1311,RAI BIG  1 KG,300,300,09-Mar-25,31-Dec-99,CHAITRALI,09-03-2025 19:53
ST01,,1311,RAI BIG  1 KG,,100,09-Mar-25,31-Dec-99,CHAITRALI,09-03-2025 19:51
ST01,,1314,RAI SMALL  (LOOS),110,110,22-Jan-25,,CHAITRALI,22-01-2025 20:02
ST01,,1318,TINIMINI  LOOSE,120,120,27-Feb-25,,ADMIN,27-02-2025 13:45
ST01,,1323,KIWI DRY 1 KG,400,400,22-Jan-25,,CHAITRALI,22-01-2025 20:14
ST01,,1248,MIX BIG CASHEW,970,970,26-Feb-25,,CHAITRALI,26-02-2025 13:53
ST01,8901063142466,27826,BRITANNIA NUTRI CHOICE DIGESTIVE 50 GM,10,10,29-Jul-25,31-Dec-99,SSM,29-07-2025 17:35
ST01,,22227,VATANA GREEN 250 GM,33,33,29-Jul-25,31-Dec-99,SHWETA,29-07-2025 15:13
ST01,8901662010616,29645,SUHANA AMBARI DHANA POWDER 500GM,207,200,29-Jul-25,31-Dec-99,SHWETA,29-07-2025 21:24
ST01,,1250,MIX BIG CASHEW 500 GM,500,500,16-Aug-24,31-Dec-99,ADMIN,16-08-2024 18:20
ST01,,1251,MIX BIG CASHEW 250 GM,250,250,16-Aug-24,31-Dec-99,ADMIN,16-08-2024 18:20
ST01,,1267,MOHARI 1 KG (LOOSE),150,150,19-Oct-24,,CHAITRALI,19-10-2024 12:54
ST01,,1174,SAUF  BHAJAKI (LOOSE),200,200,20-Jan-25,,CHAITRALI,20-01-2025 17:06
ST01,,1174,SAUF  BHAJAKI 1 KG,200,200,10-Jan-25,31-Dec-99,ADMIN,10-01-2025 21:05
ST01,,1174,SAUF  BHAJAKI 500 GM,100,100,10-Jan-25,31-Dec-99,ADMIN,10-01-2025 21:05
ST01,,1279,SABJA 1 KG (LOOSE),350,350,10-Jan-25,31-Dec-99,ADMIN,10-01-2025 21:11
ST01,,1280,SABJA 1 KG,350,350,10-Jan-25,31-Dec-99,CHAITRALI,20-01-2025 17:06
ST01,,1281,SABJA 500GM,175,175,10-Jan-25,31-Dec-99,ADMIN,10-01-2025 21:10
ST01,,1282,SABJA 250GM,75,75,10-Jan-25,31-Dec-99,ADMIN,10-01-2025 21:08
ST01,,1283,RAVALGAON (LOOSE),100,100,20-Jan-25,,ADMIN,20-01-2025 13:23
ST01,,1264,HALIM (LOOSE),200,200,25-Aug-24,31-Dec-99,CHAITRALI,25-08-2024 12:03
ST01,,1265,HALIM 1KG,230,230,20-Jan-25,,CHAITRALI,20-01-2025 17:06
ST01,,1266,HALIM 500GM,100,100,25-Aug-24,31-Dec-99,CHAITRALI,25-08-2024 12:03
ST01,,1209,CIGARETTE DALCHINI 250GM,137.5,137.5,16-Aug-24,31-Dec-99,ADMIN,16-08-2024 17:35
ST01,,1210,KALIMIRI (LOOSE),900,900,16-Aug-24,31-Dec-99,CHAITRALI,18-08-2024 16:01
ST01,,1211,KALIMIRI 1KG,900,900,16-Aug-24,31-Dec-99,ADMIN,16-08-2024 17:35
ST01,,1212,KALIMIRI 500GM,450,450,16-Aug-24,31-Dec-99,ADMIN,16-08-2024 17:35
ST01,,1213,KALIMIRI 250GM,225,225,16-Aug-24,31-Dec-99,ADMIN,16-08-2024 17:35
ST01,,1214,MASALA VELCHI (LOOSE),2500,2500,16-Aug-24,31-Dec-99,CHAITRALI,18-08-2024 16:01
ST01,,1215,MASALA VELCHI 1KG,2500,2500,16-Aug-24,31-Dec-99,ADMIN,16-08-2024 17:35
ST01,,1216,MASALA VELCHI 500GM,1250,1250,16-Aug-24,31-Dec-99,ADMIN,16-08-2024 17:35
ST01,,1217,MASALA VELCHI 250GM,625,625,16-Aug-24,31-Dec-99,ADMIN,16-08-2024 17:35
ST01,,1218,JAVITRI (LOOSE),2850,2850,16-Aug-24,31-Dec-99,ADMIN,16-08-2024 17:35
ST01,,1219,JAVITRI 1KG,2850,2850,16-Aug-24,31-Dec-99,CHAITRALI,22-01-2025 20:25
ST01,,1220,JAVITRI 500GM,1425,1425,16-Aug-24,31-Dec-99,ADMIN,16-08-2024 17:35
ST01,,1221,JAVITRI 250GM,712.5,712.5,16-Aug-24,31-Dec-99,ADMIN,16-08-2024 17:35
ST01,,1222,TEJPATTA 1KG (LOOSE),130,130,18-Aug-24,,CHAITRALI,22-01-2025 12:40
ST01,,1222,TEJPATTA 1KG (LOOSE),100,100,16-Aug-24,31-Dec-99,ADMIN,16-08-2024 17:35
ST01,,1223,STAR FULL (LOOSE),900,900,16-Aug-24,31-Dec-99,CHAITRALI,22-01-2025 12:40
ST01,,1224,STAR FULL 1KG,900,900,16-Aug-24,31-Dec-99,ADMIN,16-08-2024 17:35
ST01,,1225,STAR FULL 500GM,450,450,16-Aug-24,31-Dec-99,ADMIN,16-08-2024 17:35
ST01,,1226,STAR FULL 250GM,225,225,16-Aug-24,31-Dec-99,ADMIN,16-08-2024 17:35
ST01,,1227,DAGDI FULL (LOOSE),675,675,16-Aug-24,31-Dec-99,CHAITRALI,22-01-2025 12:40
ST01,,1228,DAGDI FULL 1KG,675,675,16-Aug-24,31-Dec-99,ADMIN,16-08-2024 17:35
ST01,,1229,DAGDI FULL 500GM,337.5,337.5,16-Aug-24,31-Dec-99,ADMIN,16-08-2024 17:35
ST01,,23420,SHENNGDANA 250 GM,31,31,29-Jul-25,31-Dec-99,SSM,29-07-2025 14:46
ST01,,23416,SHENNGDANA 1 KG,120,120,29-Jul-25,31-Dec-99,CHAITRALI,30-07-2025 15:42
ST01,,23416,SHENNGDANA 1 KG,124,124,29-Jul-25,31-Dec-99,SSM,29-07-2025 14:45
ST01,,22049,TOOR DAL 500 GM,59,59,29-Jul-25,31-Dec-99,CHAITRALI,30-07-2025 15:13
ST01,8901662037828,19873,SUHANA CHICKEN BIRYAN MIX 50G,45,45,29-Jul-25,31-Dec-99,SHWETA,29-07-2025 19:57
ST01,8901662037828,19873,SUHANA CHICKEN BIRYAN MIX 50G,45,45,29-Jul-25,31-Dec-99,SHWETA,29-07-2025 19:55
ST01,,25391,POHA JADA 500 GM,30,30,29-Jul-25,31-Dec-99,CHAITRALI,30-07-2025 16:08
ST01,8901512540102,19656,ACT II POPCORN CLA. SALT 40GM,10,10,29-Jul-25,31-Dec-99,SHWETA,30-07-2025 16:26
ST01,8901052005055,10841,TATA AGNI TEA 500 GM RFL,150,150,29-Jul-25,31-Dec-99,CHAITRALI,30-07-2025 16:50
ST01,8904018303295,13122,MEDIMIX CLASSIC BA SO 6 X 75,190,190,29-Jul-25,31-Dec-99,CHAITRALI,30-07-2025 18:26
ST01,8901786530502,22880,EVEREST SHAHI PANER MASA 50GM,51,51,29-Jul-25,31-Dec-99,SHWETA,29-07-2025 20:45
ST01,8901526209903,15202,GARNIER 2 ORIGINA BK PCT 20GM,45,45,29-Jul-25,31-Dec-99,CHAITRALI,30-07-2025 19:37
ST01,8901526209897,15203,GARNIER 3 BROWN BK PCT 20GM,45,45,29-Jul-25,31-Dec-99,CHAITRALI,30-07-2025 19:38
ST01,,25361,CHAWALI BIG PRE. 1 KG,105,105,29-Jul-25,31-Dec-99,SSM,29-07-2025 14:49
ST01,,25364,CHANA RED 250 GM,21,21,29-Jul-25,31-Dec-99,CHAITRALI,30-07-2025 16:19
ST01,8901052005062,24066,TATA TEA AGNI LEAF 250 GM,65,65,29-Jul-25,31-Dec-99,CHAITRALI,30-07-2025 16:53
ST01,,23394,KHOBARE 250 GM,90,90,29-Jul-25,31-Dec-99,CHAITRALI,30-07-2025 15:22
ST01,,23954,VATANA GREEN 1 KG,130,130,29-Jul-25,31-Dec-99,CHAITRALI,30-07-2025 15:49
ST01,,23954,VATANA GREEN 1 KG,130,130,29-Jul-25,31-Dec-99,SHWETA,29-07-2025 15:12
ST01,,23969,SABOODANA 250 GM,17,17,29-Jul-25,31-Dec-99,CHAITRALI,30-07-2025 15:26
ST01,,22336,MAIDA 500 GM,23,23,29-Jul-25,31-Dec-99,CHAITRALI,30-07-2025 16:20
ST01,,22265,VATANA GREEN 500 GM,65,65,29-Jul-25,31-Dec-99,SHWETA,29-07-2025 15:12
ST01,8901595972128,19769,CHINGS PANE CHILL MIR MAS 11G,10,10,29-Jul-25,31-Dec-99,SHWETA,30-07-2025 11:54
ST01,,22029,MASOOR DAL 500 GM,49,49,29-Jul-25,31-Dec-99,CHAITRALI,30-07-2025 15:17
ST01,,22029,MASOOR DAL 500 GM,49,49,29-Jul-25,31-Dec-99,SSM,29-07-2025 15:08
ST01,,22250,MASOOR  500 GM,46,46,29-Jul-25,31-Dec-99,CHAITRALI,30-07-2025 15:53
ST01,,22028,MASOOR DAL 1 KG,97,97,29-Jul-25,31-Dec-99,CHAITRALI,30-07-2025 15:15
ST01,,22028,MASOOR DAL 1 KG,97,97,29-Jul-25,31-Dec-99,SSM,29-07-2025 15:08
ST01,8901786170500,23024,EVEREST TANDURI CHICKEN MAS.,48,48,29-Jul-25,31-Dec-99,SHWETA,29-07-2025 20:39
ST01,8901786150502,23025,EVEREST MEAT.MASALA 50GM,48,48,29-Jul-25,31-Dec-99,SHWETA,29-07-2025 20:36
ST01,8901595972159,19777,CHINGS CHOWMEI MIRACL MAS 12G,10,10,29-Jul-25,31-Dec-99,SHWETA,30-07-2025 11:53
ST01,8901662002024,23003,AMBARI KANDA LASOON 100 GM,31,31,29-Jul-25,31-Dec-99,SHWETA,30-07-2025 11:20
ST01,,22037,UDAD DAL 1 KG,114,114,29-Jul-25,31-Dec-99,CHAITRALI,30-07-2025 15:19
ST01,,22038,UDAD DAL 500 GM,57,57,29-Jul-25,31-Dec-99,CHAITRALI,30-07-2025 15:19
ST01,8901786060504,23158,EVEREST CHAT MASALA 50GM,44,44,29-Jul-25,31-Dec-99,SHWETA,29-07-2025 20:46
ST01,8901786070503,23160,EVEREST PAVBHAJI MASLA 50 GM,47,47,29-Jul-25,31-Dec-99,SHWETA,29-07-2025 20:40
ST01,8901662024637,29526,SUHANA SABJI MASALA 10GM,10,10,29-Jul-25,31-Dec-99,SHWETA,29-07-2025 20:25
ST01,8901662001515,29527,SUHANA AMBARI CHILLI POWDER 200GM,87,87,29-Jul-25,31-Dec-99,SHWETA,30-07-2025 11:36
ST01,8901662001614,29528,SUHANA AMBARI CHILLI POWDER 100GM,44,44,29-Jul-25,31-Dec-99,SHWETA,30-07-2025 11:17
ST01,8901662008316,29530,SUHANA AMBARI HALAD POWDER 200GM,96,96,29-Jul-25,31-Dec-99,SHWETA,30-07-2025 11:35
ST01,8901662008224,29531,SUHANA AMBARI HALAD POWDER 500GM,238,238,29-Jul-25,31-Dec-99,SHWETA,30-07-2025 11:15
ST01,8901662001416,29532,SUHANA AMBARI CHILLI POWDER 500GM,229,229,29-Jul-25,31-Dec-99,SHWETA,30-07-2025 11:18
ST01,8901662001416,29532,SUHANA AMBARI CHILLI POWDER 500GM,229,228,29-Jul-25,31-Dec-99,SHWETA,30-07-2025 11:17
ST01,8901662010715,29533,SUHANA AMBARI CORIANDER POWDER 200GM,83,80,29-Jul-25,31-Dec-99,SHWETA,29-07-2025 21:19
ST01,8901058004748,33157,NESCAFE CLASSIC RS.170,220,220,29-Jul-25,31-Dec-99,CHAITRALI,30-07-2025 16:49
ST01,8901063139336,27549,BRITANNIA BOUR BON 100 GM,25,25,29-Jul-25,31-Dec-99,SSM,29-07-2025 17:36
ST01,8901063139329,27523,BRITANNIA BOURBON 50 GM,10,10,29-Jul-25,31-Dec-99,SHWETA,30-07-2025 17:14
ST01,8906011854446,30368,KATDARE PANEER MASALE 10GM,10,10,29-Jul-25,31-Dec-99,SHWETA,29-07-2025 20:27
ST01,8903241110779,26578,PRAVIN GREEN CHILLI THECHA 100 GM,25,25,29-Jul-25,31-Dec-99,SHWETA,30-07-2025 12:12
ST01,8906011854743,29960,KATDARE DALCHINI POWDER 20GM,25,25,29-Jul-25,31-Dec-99,SHWETA,30-07-2025 16:27
ST01,8906011854743,29960,KATDARE DALCHINI POWDER 20GM,25,25,29-Jul-25,31-Dec-99,SHWETA,30-07-2025 11:39
ST01,8903684000217,31303,SARGAM DISH WAH BAR 115*3=460 GM,30,30,29-Jul-25,31-Dec-99,CHAITRALI,30-07-2025 13:13
ST01,8901725102517,31313,SUNFEAST MO8 GMMS MAGIC FRUIT MILK 5,10,10,29-Jul-25,31-Dec-99,CHAITRALI,30-07-2025 12:18
ST01,8901030871030,28083,PEARS OIL CLEAR GLOW 75 GM,63,63,29-Jul-25,31-Dec-99,CHAITRALI,30-07-2025 19:21
ST01,8901030831690,26424,KISSAN MIXED FRUIT JAM 200 GM,90,90,29-Jul-25,31-Dec-99,SHWETA,30-07-2025 12:08
ST01,8903684000118,30285,SARGAM DER BAR 220 GM,10,10,29-Jul-25,31-Dec-99,CHAITRALI,30-07-2025 13:18
ST01,8903684000071,30286,SARGAM DET BAR 110 GM,5,5,29-Jul-25,31-Dec-99,CHAITRALI,30-07-2025 13:28
ST01,8903684000071,30286,SARGAM DET BAR 110 GM,5,5,29-Jul-25,31-Dec-99,CHAITRALI,30-07-2025 13:28
ST01,8903684000071,30286,SARGAM DET BAR 110 GM,5,5,29-Jul-25,31-Dec-99,CHAITRALI,30-07-2025 13:20
ST01,8901662001713,30709,SUHANA AMBARI MIRCHI POWDER 50GM,22,22,29-Jul-25,31-Dec-99,SHWETA,30-07-2025 11:22
ST01,8901662010913,30711,SUHANA AMBARI DHANA POWDER 50GM,21,19,29-Jul-25,31-Dec-99,SHWETA,29-07-2025 21:23
ST01,8901719126468,30716,PARLE 20-20 CASHEW 65GM,10,10,29-Jul-25,31-Dec-99,CHAITRALI,30-07-2025 12:23
ST01,,29668,RAWA SMALL 250 GM,12,12,29-Jul-25,31-Dec-99,CHAITRALI,30-07-2025 16:24
ST01,8906011852787,30519,KATDARE JESHTAMADH POOD 30GM,25,25,29-Jul-25,31-Dec-99,SHWETA,30-07-2025 11:37
ST01,8906011850721,30534,KATDARE LASUN CHUTNI 100GM,50,50,29-Jul-25,31-Dec-99,SHWETA,30-07-2025 12:01
ST01,8903241230330,29696,PRAVIN GREEN CHILLY SAUCE,25,25,29-Jul-25,31-Dec-99,SHWETA,30-07-2025 12:14
ST01,8901786101009,30159,EVEREST GARAM MASALA 100 GM,100,100,29-Jul-25,31-Dec-99,SHWETA,29-07-2025 20:48
ST01,8901662036531,30353,SUHANA PANEER MASALA 50GM,52,52,29-Jul-25,31-Dec-99,SHWETA,29-07-2025 19:53
ST01,8901662024910,26588,SUHANA KITCHEN KING 10 GM,10,10,29-Jul-25,31-Dec-99,SHWETA,29-07-2025 20:25
ST01,8901662024910,26588,SUHANA KITCHEN KING 10 GM,10,10,29-Jul-25,31-Dec-99,SHWETA,29-07-2025 20:24
ST01,8901662024910,26588,SUHANA KITCHEN KING 10 GM,10,10,29-Jul-25,31-Dec-99,SHWETA,29-07-2025 20:23
ST01,8901030870989,28900,PEARS SOFT & FRESH BAR 50 GM,32,32,29-Jul-25,31-Dec-99,CHAITRALI,30-07-2025 19:18
ST01,8901030871016,28901,PEARS SOFT&FRESH BAR 100GM,56,56,29-Jul-25,31-Dec-99,CHAITRALI,30-07-2025 19:15
ST01,8901095900522,26222,SOCIETY MASALA FLAVOUR TEA 20 GM,10,10,29-Jul-25,31-Dec-99,CHAITRALI,30-07-2025 16:40
ST01,8901190103255,27321,FENA MAHABAR 240 GM,9,9,29-Jul-25,31-Dec-99,CHAITRALI,30-07-2025 13:19
ST01,8901190103255,27321,FENA MAHABAR 240 GM,9,9,29-Jul-25,31-Dec-99,CHAITRALI,30-07-2025 13:16
ST01,8901190103255,27321,FENA MAHABAR 240 GM,10,10,29-Jul-25,31-Dec-99,SHWETA,29-07-2025 16:30
ST01,8901190103255,27321,FENA MAHABAR 240 GM,10,9,29-Jul-25,31-Dec-99,ADMIN,29-07-2025 15:58
ST01,8901662025344,26886,SUHANA SHAHI GARAM MASALA 10 GM,10,10,29-Jul-25,31-Dec-99,SHWETA,29-07-2025 20:37
ST01,8901786580507,26140,EVEREST KANDA LASUN MASALA 50 GM,19,19,29-Jul-25,31-Dec-99,SHWETA,29-07-2025 21:15
ST01,8901662007517,30357,SUHANA TEA MASALA 50GM,85,85,29-Jul-25,31-Dec-99,CHAITRALI,30-07-2025 17:04
ST01,8901662029236,30358,SUHANA CHILLI POWDER KASHMIRI 50GM,53,53,29-Jul-25,31-Dec-99,SHWETA,29-07-2025 19:38
ST01,8901662027751,30362,SUHANA FISH MASALA 50GM,48,48,29-Jul-25,31-Dec-99,SHWETA,29-07-2025 19:37
ST01,8903241230248,27975,PRAVIN PANIPURI MIX 100 GM,25,25,29-Jul-25,31-Dec-99,SHWETA,30-07-2025 12:02
ST01,8901662040323,26044,SUHANA MATAN BIRYANI MIX 50 GM,45,45,29-Jul-25,31-Dec-99,SHWETA,29-07-2025 20:05
ST01,8906109850114,27370,KOHINOOR  DUST 1 KG,380,380,29-Jul-25,31-Dec-99,CHAITRALI,30-07-2025 17:00
ST01,8904043901022,26727,TATA SALT  500 GM,15,15,29-Jul-25,31-Dec-99,SHWETA,29-07-2025 20:16
ST01,8901662024088,26576,SUHANA TEA MASALA 6 GM,10,10,29-Jul-25,31-Dec-99,CHAITRALI,30-07-2025 17:03
ST01,8906011854538,30218,KATDARE ROCK SALT POWDER,20,20,29-Jul-25,31-Dec-99,SHWETA,30-07-2025 11:13
ST01,8906109850022,30226,KOHINOOR PREMIUM TEA 500 GM,190,190,29-Jul-25,31-Dec-99,CHAITRALI,30-07-2025 17:07
ST01,8901786630257,26635,EVEREST CHICKEN BIRYANI MASALA 25 GM,36,33,29-Jul-25,31-Dec-99,SHWETA,29-07-2025 20:40
ST01,8903241230286,28615,SUHANA PRAVIN GREEN CHUTNEY 85 GM,25,25,29-Jul-25,31-Dec-99,SHWETA,30-07-2025 12:14
ST01,8906109850008,27371,KOHINOOR LEAF TEA 1 KG,380,380,29-Jul-25,31-Dec-99,CHAITRALI,30-07-2025 16:59
ST01,8906109850015,27372,KOHINOOR LEAF TEA 250 GM,95,95,29-Jul-25,31-Dec-99,CHAITRALI,30-07-2025 17:05
ST01,8901662024774,26325,SUHANA SAMBAR MASALA 10 GM,10,10,29-Jul-25,31-Dec-99,SHWETA,29-07-2025 20:21
ST01,8901052005079,30605,TATA AGNI 100GM,25,25,29-Jul-25,31-Dec-99,CHAITRALI,30-07-2025 16:54
ST01,8901662024583,25818,SUHANA BUTTER CHICKEN MIX,45,45,29-Jul-25,31-Dec-99,SHWETA,29-07-2025 18:51
ST01,8905397162398,29765,SOLANKI DHANA POWDER 50GM,25,16,29-Jul-25,31-Dec-99,SHWETA,29-07-2025 21:22
ST01,8905397162244,29766,SOLANKI KASHMIRI MIRCHI POWDER 50GM,43,43,29-Jul-25,31-Dec-99,SHWETA,30-07-2025 11:23
ST01,,29747,MAIDA 250 GM,12,12,29-Jul-25,31-Dec-99,CHAITRALI,30-07-2025 16:20
ST01,8901190206475,28510,FENA NIP ROUND 250 GM,30,30,29-Jul-25,31-Dec-99,CHAITRALI,30-07-2025 13:10
ST01,,30404,SABOODANA SMALL 500 GM,33,33,29-Jul-25,31-Dec-99,CHAITRALI,30-07-2025 15:29
ST01,,30405,SABOODANA SMALL 250 GM,17,17,29-Jul-25,31-Dec-99,CHAITRALI,30-07-2025 15:30
ST01,8901190206482,29291,FENA NIP NATURE DISH BAR 500GM,55,55,29-Jul-25,31-Dec-99,CHAITRALI,30-07-2025 13:12
ST01,8901662031017,30305,SUHA. PANEERBUTAR MAS MIX 50G,45,45,29-Jul-25,31-Dec-99,SHWETA,29-07-2025 18:57
ST01,8901662037989,30308,SUHANA CHHOLE MASALA 50 GM,45,45,29-Jul-25,31-Dec-99,SHWETA,29-07-2025 20:00
ST01,8901662029199,30309,SUHANA PALAK PANEER MIX  50GM,45,45,29-Jul-25,31-Dec-99,SHWETA,29-07-2025 20:01
ST01,8901662024552,30310,SUHANA PANEER MAKHAN 50 GM,45,45,29-Jul-25,31-Dec-99,SHWETA,29-07-2025 18:54
ST01,8901662024606,30312,SUHANA SHAHIPANEER 50 GM,45,45,29-Jul-25,31-Dec-99,SHWETA,29-07-2025 18:53
ST01,8904018305909,31201,MEDIMIX COOL SOAP RS.140,140,140,29-Jul-25,31-Dec-99,CHAITRALI,30-07-2025 18:28
ST01,8901030877131,30850,HELLMANN'S REAL MAYONNAISE 85 GM,40,40,29-Jul-25,31-Dec-99,SHWETA,30-07-2025 16:18
ST01,8901030831706,26837,KISSAN MIXED FRUIT JAM 500 GM,200,200,29-Jul-25,31-Dec-99,SHWETA,30-07-2025 12:23
ST01,8901063029262,29729,BRITANNIA BIS.JIMJAM 92GM,25,25,29-Jul-25,31-Dec-99,SHWETA,29-07-2025 16:50
ST01,8904018305817,29361,MEDIMIX AYURVEDIC SOAP BUY3GET1 300GM,135,135,29-Jul-25,31-Dec-99,CHAITRALI,30-07-2025 18:23
ST01,8901030911194,29973,HAMAM NEEM COMBI PACK 100X4,176,176,29-Jul-25,31-Dec-99,CHAITRALI,30-07-2025 19:19
ST01,8901063001022,30133,BRITA.NUTRI CHOICE 5GRN 200GM,75,75,29-Jul-25,31-Dec-99,SHWETA,29-07-2025 16:39
ST01,8904018307835,34248,MEDIMIX LIME 100 GM,140,140,29-Jul-25,31-Dec-99,CHAITRALI,30-07-2025 18:30
ST01,4987176236340,35394,AMBI PUR AIR LEV.BOU,299,295,29-Jul-25,31-Dec-99,CHAITRALI,30-07-2025 19:43
ST01,8901030533877,35402,PONDS BRIGHT BEAUTY RS.10,10,10,29-Jul-25,31-Dec-99,CHAITRALI,30-07-2025 19:35
ST01,8901786810505,35633,EVEREST DESI MEAT MASALA,48,48,29-Jul-25,31-Dec-99,SHWETA,29-07-2025 20:38
ST01,8905397162299,29938,SOLANKI SAN.MIRCHI POWDER 50GM,25,25,29-Jul-25,31-Dec-99,SHWETA,30-07-2025 16:29
ST01,8905397162299,29938,SOLANKI SAN.MIRCHI POWDER 50GM,25,23,29-Jul-25,31-Dec-99,SHWETA,29-07-2025 21:30
ST01,8901063032958,35527,TREAT CREME WAFERS CHEESY RS.10,10,10,29-Jul-25,31-Dec-99,CHAITRALI,29-07-2025 21:32
ST01,8901662040026,32547,CHIKAN MASALA JAR200GM,189,189,29-Jul-25,31-Dec-99,SHWETA,29-07-2025 18:48
ST01,8901662040002,32548, SUHANA MEAT MASALA JAR 200GM,189,189,29-Jul-25,31-Dec-99,SHWETA,29-07-2025 18:47
ST01,8901030937217,32590,PEARS PURE AND GENTLE 60G,24,24,29-Jul-25,31-Dec-99,CHAITRALI,30-07-2025 19:22
ST01,8903241230323,35794,SUHANA HOT & SWEET RED CHILLI SAUCE,25,25,29-Jul-25,31-Dec-99,SHWETA,30-07-2025 12:09
ST01,,30481,GUL ORGANIC BIG 900GM,70,70,29-Jul-25,31-Dec-99,CHAITRALI,30-07-2025 15:36
ST01,8901030838217,28752,DOVE FRESH MOISTURE BEAUTY BAR 75GM,75,75,29-Jul-25,31-Dec-99,CHAITRALI,30-07-2025 19:24
ST01,8906109850107,31549,KOHINOOR DUST TEA 500 GM,190,190,29-Jul-25,31-Dec-99,CHAITRALI,30-07-2025 17:06
ST01,8906011854200,31319,KATDARE MASALE VELCHI POWDER,50,50,29-Jul-25,31-Dec-99,CHAITRALI,30-07-2025 16:42
ST01,8901030902277,35588,VIM ANTI BAR RS.10,10,10,29-Jul-25,31-Dec-99,CHAITRALI,30-07-2025 13:22
ST01,,31393,GUL LOSE 500GM,17,17,29-Jul-25,31-Dec-99,CHAITRALI,30-07-2025 15:32
ST01,0,31394,GUL LOSE  250 GM,33,33,29-Jul-25,31-Dec-99,CHAITRALI,30-07-2025 15:34
ST01,8901030902390,32997,SWEET CORN VEG,10,10,29-Jul-25,31-Dec-99,SHWETA,30-07-2025 11:55
ST01,8906027035013,35411,SAVAI KOLHAPURI MOTTON SUKKHA,30,30,29-Jul-25,31-Dec-99,SHWETA,29-07-2025 20:00
ST01,8906011854545,31315,KATDARE BLACK SALT,20,20,29-Jul-25,31-Dec-99,SHWETA,30-07-2025 11:13
ST01,8906011855566,33287,KATDARE KALI MIRI POWDER,10,10,29-Jul-25,31-Dec-99,SHWETA,30-07-2025 11:38
ST01,8901030994180,33796,LIFEBUOY TURMRIC & HONEY 4+1 RS.154,154,154,29-Jul-25,31-Dec-99,CHAITRALI,30-07-2025 19:12
ST01,8902102163923,33825,EXO BAR RS.5,5,5,29-Jul-25,31-Dec-99,CHAITRALI,30-07-2025 13:21
ST01,89009949,33389, NASCAFE CLASSIC 45GM,230,230,29-Jul-25,31-Dec-99,CHAITRALI,30-07-2025 16:58
ST01,8901030970122,33049,RIN RS.10,10,10,29-Jul-25,31-Dec-99,CHAITRALI,30-07-2025 13:18
ST01,8901662042822,31636,SUHANA KURMA MASALA 25 GM,30,30,29-Jul-25,31-Dec-99,SHWETA,29-07-2025 19:58
ST01,8901662042839,31638,SUHANA MISAL RASSA 25 GM,30,30,29-Jul-25,31-Dec-99,SHWETA,29-07-2025 20:06
ST01,8906011850820,31933,KATDARE MASALE SHENGDANA CHUTENY 100 GM,45,45,29-Jul-25,31-Dec-99,SHWETA,30-07-2025 12:15
ST01,8901030826894,31992,PONDS BB CREAM,99,99,29-Jul-25,31-Dec-99,SHWETA,29-07-2025 16:28
ST01,8905397162374,32058,SOLANKI DHANA MASALA 200 GM,60,60,29-Jul-25,31-Dec-99,SHWETA,29-07-2025 21:17
ST01,4987176161680,31410,TIDE BLUE BAR RS.5,5,5,29-Jul-25,31-Dec-99,CHAITRALI,30-07-2025 13:27
ST01,8905397162442,34211,SOLANKI GARAM MASALA,30,27,29-Jul-25,31-Dec-99,SHWETA,29-07-2025 21:27
ST01,8901719130014,33823,PARLE HAPPY HAPPY RS.10,10,10,29-Jul-25,31-Dec-99,CHAITRALI,30-07-2025 12:29
ST01,8901030897542,32251,KISSAN TOMOTO KETCHUP 115 GM,15,15,29-Jul-25,31-Dec-99,SHWETA,30-07-2025 12:25
ST01,8901662029229,32021,SUHANA CUMIN POWDER 100 GM,104,102,29-Jul-25,31-Dec-99,SHWETA,30-07-2025 11:12
ST01,8901662043478,34315,SUHANA FISH FRY MASALA,30,30,29-Jul-25,31-Dec-99,SHWETA,29-07-2025 20:08
ST01,8901030539862,34317,LUX BRIGHT GLOW 4+1,170,170,29-Jul-25,31-Dec-99,CHAITRALI,30-07-2025 19:16
ST01,8901662029212,32022,SUHANA CUMIN POWDER 50 GM,54,54,29-Jul-25,31-Dec-99,SHWETA,29-07-2025 21:16
ST01,8901063017702,32031,BRITANNIA 50-50 GOLMAAL 57 GM,10,10,29-Jul-25,31-Dec-99,SSM,29-07-2025 17:40
ST01,8901662040064,32675,SUHANA KITCHEN KING MASALA,184,180,29-Jul-25,31-Dec-99,SHWETA,29-07-2025 18:50
ST01,8904035422054,32389,JOY SUNBLOCK ANTI TAN LOTION,99,77,29-Jul-25,31-Dec-99,SHWETA,29-07-2025 16:26
ST01,8901030902932,32082,KISSAN TOMATO KETCHUP 850 GM,100,100,29-Jul-25,31-Dec-99,SHWETA,30-07-2025 12:24
ST01,8909106018006,35589,VIM DISHWASH RS.130,128,128,29-Jul-25,31-Dec-99,CHAITRALI,30-07-2025 13:07
ST01,8909106017993,35590,VIM DISHWASH RS.58,56,56,29-Jul-25,31-Dec-99,CHAITRALI,30-07-2025 13:08
ST01,8903241230354,33270, PRAVIN SCHEZWAN CHUTNEY,10,10,29-Jul-25,31-Dec-99,SHWETA,30-07-2025 11:56
ST01,8901725012953,36119,SUNFEAST MARIE LIGHT RS.10,10,10,29-Jul-25,31-Dec-99,CHAITRALI,30-07-2025 12:23
ST01,8901719123870,36127,PARLE BISCUITS RS.30,30,30,29-Jul-25,31-Dec-99,CHAITRALI,30-07-2025 12:06
ST01,8909106044036,36166,LUX A BRIGHT GLOW RS.40,40,40,29-Jul-25,31-Dec-99,CHAITRALI,30-07-2025 18:30
ST01,8901063014411,36138,BRITANNIA VITA MARIE RS.10,10,10,29-Jul-25,31-Dec-99,SSM,29-07-2025 17:39
ST01,8901063014411,36138,BRITANNIA VITA MARIE RS.10,10,10,29-Jul-25,31-Dec-99,SHWETA,30-07-2025 17:35
ST01,7622202252419,36291,ORIGINAL OREO CHOCOLATEY SANDWICH BIS,30,30,29-Jul-25,31-Dec-99,SHWETA,29-07-2025 16:49
ST01,8901662008514,30394,SUHANA AMBARI HALAD POWDER 50GM,25,25,29-Jul-25,31-Dec-99,SHWETA,30-07-2025 11:31
ST01,8901063163331,32415,BRITANNIA TIGER GLUCOSE RS. 5,5,5,29-Jul-25,31-Dec-99,SSM,29-07-2025 17:38
ST01,8901190103590,32418,FENA MAHABAR 90 GM,5,5,29-Jul-25,31-Dec-99,CHAITRALI,30-07-2025 13:17
ST01,8901719129988,33775,PARLE HAPPY HAPPY RS.5,5,5,29-Jul-25,31-Dec-99,CHAITRALI,30-07-2025 12:26
ST01,8901719125799,33778,MILANO CF HAZELNUT RS.40,40,40,29-Jul-25,31-Dec-99,CHAITRALI,30-07-2025 12:13
ST01,8901719125799,33778,MILANO CF HAZELNUT RS.40,40,40,29-Jul-25,31-Dec-99,CHAITRALI,30-07-2025 12:12
ST01,8901719125775,33779,H&S MILANO MIX BERRIES RS.40,40,40,29-Jul-25,31-Dec-99,CHAITRALI,30-07-2025 12:13
ST01,8901030916182,30669,BROOKE BOND TAAZA 100GM,25,25,29-Jul-25,31-Dec-99,CHAITRALI,30-07-2025 17:02
ST01,8901058018219,36642,MAGGI RS.7,7,7,29-Jul-25,31-Dec-99,SHWETA,30-07-2025 12:22
ST01,8901190206789,36657,FENA NIP MAHABAR RS.10,9,9,29-Jul-25,31-Dec-99,CHAITRALI,30-07-2025 13:23
ST01,8903241230392,36660,SUHANA SCHEZWAN CHUTNEY RS.69,69,69,29-Jul-25,31-Dec-99,SHWETA,30-07-2025 12:06
ST01,8903241230255,29856,SUHANA PRAVIN SWEET BELPURI CHUTNEY 85GM,25,25,29-Jul-25,31-Dec-99,SHWETA,30-07-2025 12:13
ST01,8901063162914,36274, BRITANNIA MARI GOLD 10RS,10,10,29-Jul-25,31-Dec-99,SHWETA,30-07-2025 17:04
ST01,8906027035051,34955,SAVAI MAUTTON SUKKA MASALA 25 GM,30,30,29-Jul-25,31-Dec-99,SHWETA,29-07-2025 20:08
ST01,8906027035051,34955,SAVAI MAUTTON SUKKA MASALA 25 GM,30,30,29-Jul-25,31-Dec-99,SHWETA,29-07-2025 20:07
ST01,8906027035044,34958,SAVAI KOLHAPURI CHIKEN SUKHA 25 GM,30,30,29-Jul-25,31-Dec-99,SHWETA,29-07-2025 19:59
ST01,8906027035020,34959,SAVAI KOLHAPURI CHIKEN BIRYANI 25 GM,30,30,29-Jul-25,31-Dec-99,SHWETA,29-07-2025 20:09
ST01,8901030997075,34971,PONDS BB SERM IN CRM 23 GM,90,90,29-Jul-25,31-Dec-99,ADMIN,29-07-2025 15:41
ST01,8906011850929,31886,KATDARE MASALE KARLA CHUTENY 100 GM,45,45,29-Jul-25,31-Dec-99,SHWETA,30-07-2025 12:15
ST01,8901595853908,32472,CHINGS CHOWMEIN HAKKA NOODLES 140 GM,30,30,29-Jul-25,31-Dec-99,SHWETA,30-07-2025 15:20
ST01,8906027038007,35138,SAVAI MAHARASHTRA LAL VATAN 50 GM,25,25,29-Jul-25,31-Dec-99,SHWETA,29-07-2025 20:12
ST01,8906027038014,35139,SAVAI MAHARASHTRA BLACK VATAN,25,25,29-Jul-25,31-Dec-99,SHWETA,29-07-2025 20:11
ST01,8901030922787,31116,KISSAN MIXED JAM 90GM,25,25,29-Jul-25,31-Dec-99,SHWETA,30-07-2025 12:20
ST01,8901030922787,31116,KISSAN MIXED JAM 90GM,25,25,29-Jul-25,31-Dec-99,SHWETA,30-07-2025 12:18
ST01,8903241230224,27157,SUHANA KHAJOOR IMLEY CHUTNEY 85 GM,25,25,29-Jul-25,31-Dec-99,SHWETA,30-07-2025 12:04
ST01,8903241230224,27157,SUHANA KHAJOOR IMLEY CHUTNEY 85 GM,25,25,29-Jul-25,31-Dec-99,SHWETA,30-07-2025 12:03
ST01,8909106000230,35265,VIM BAR FW 300 GM,30,30,29-Jul-25,31-Dec-99,CHAITRALI,30-07-2025 13:17
ST01,8901662038337,35266,SUHANA CHIKEN BIRYANI MASALA,25,25,29-Jul-25,31-Dec-99,SHWETA,29-07-2025 20:15
ST01,8901052006038,35270,TATA TEA ELACHI 75 GM,25,25,29-Jul-25,31-Dec-99,CHAITRALI,30-07-2025 16:57
ST01,8901030976384,33514,SURF EXCEL RS.10,10,10,29-Jul-25,31-Dec-99,CHAITRALI,30-07-2025 13:25
ST01,8909106000285,35020,VIM BAR FW 60 GM,5,5,29-Jul-25,31-Dec-99,CHAITRALI,30-07-2025 13:22
ST01,8901030877537,33324,RED LABEL RS.10,10,10,29-Jul-25,31-Dec-99,CHAITRALI,30-07-2025 16:39
ST01,8901030902352,31233,KNORR CUP SOUP TOMATO CHATPATA RS.10,10,10,29-Jul-25,31-Dec-99,SHWETA,30-07-2025 11:58
ST01,8901030882586,30840,RED LABLE NATURAL CARE TEA 500 GM,310,310,29-Jul-25,31-Dec-99,CHAITRALI,30-07-2025 16:51
ST01,8906011855320,31147,TEA MASALA 10 GM,20,20,29-Jul-25,31-Dec-99,CHAITRALI,30-07-2025 16:53
ST01,8901063029309,32760,BRITANNIA JIMJAM POPS,20,20,29-Jul-25,31-Dec-99,SSM,29-07-2025 17:39
ST01,8901063029293,32761,BRITANNIA JIMJAM POPS RS.10,10,10,29-Jul-25,31-Dec-99,SHWETA,30-07-2025 17:34
ST01,8901063162600,33982,BRITANNIA MARIE GOLD RS.25,25,25,29-Jul-25,27-Dec-25,SHWETA,29-07-2025 16:47
ST01,8906170470297,34058,CAPTAIN COOK SALT 1KG,25,25,29-Jul-25,31-Dec-99,SHWETA,29-07-2025 20:17
ST01,8901662025351,31357,SUHANA SHAHI GARAM MASALA 50 GM,52,52,29-Jul-25,31-Dec-99,SHWETA,29-07-2025 20:38
ST01,8901030921797,31378,KISSAN KETCHUP 425 GM,50,50,29-Jul-25,31-Dec-99,SHWETA,30-07-2025 12:24
ST01,8901662024781,30671,SUHANA SAMBAR MASALA 50GM,42,42,29-Jul-25,31-Dec-99,SHWETA,29-07-2025 19:40
ST01,8901030712999,34572,DOVE BATH SOAP RS.25,25,25,29-Jul-25,31-Dec-99,CHAITRALI,30-07-2025 19:25
ST01,8901030902369,31989,KNORR HOT&SOUR,10,10,29-Jul-25,31-Dec-99,SHWETA,30-07-2025 11:57
ST01,8906109850176,33797,MASALA TEA 200 GM,100,100,29-Jul-25,31-Dec-99,CHAITRALI,30-07-2025 16:52
ST01,89009758,31031,NESCAFE COFFE 24GM,130,130,29-Jul-25,31-Dec-99,CHAITRALI,30-07-2025 17:03
ST01,,27139,RAJMA LAL 250 GM,33,33,29-Jul-25,31-Dec-99,CHAITRALI,30-07-2025 16:06
ST01,8906011854750,29928,KATDARE JAYPHAL POWDER 8GM,25,25,29-Jul-25,31-Dec-99,SHWETA,30-07-2025 16:26
ST01,8906011854750,29928,KATDARE JAYPHAL POWDER 8GM,25,25,29-Jul-25,31-Dec-99,SHWETA,30-07-2025 11:40
ST01,,30616,POHA JADA 1KG,60,60,29-Jul-25,31-Dec-99,CHAITRALI,30-07-2025 16:07
ST01,8901063017719,33105,50-50 GOLMAAL,20,20,29-Jul-25,31-Dec-99,CHAITRALI,30-07-2025 12:14
ST01,8901063017719,33105,50-50 GOLMAAL,20,20,29-Jul-25,31-Dec-99,CHAITRALI,30-07-2025 12:14
ST01,8901719107320,33557, PARLE FAB JAM-IN RS.10,10,10,29-Jul-25,31-Dec-99,CHAITRALI,30-07-2025 12:24
ST01,8901719107320,33557, PARLE FAB JAM-IN RS.10,10,10,29-Jul-25,31-Dec-99,CHAITRALI,30-07-2025 12:24
ST01,8901725013028,33951,SUNFEAST MARIE LGT ACTIV RS.20,20,20,29-Jul-25,31-Dec-99,SHWETA,29-07-2025 16:55
ST01,8901030539824,34497,LUXADV BRIGHT GLOW RS.43,43,43,29-Jul-25,31-Dec-99,CHAITRALI,30-07-2025 19:22
ST01,8901030861994,34498,WHEEL GREEN BAR FW 240GM,10,10,29-Jul-25,31-Dec-99,CHAITRALI,30-07-2025 13:20
ST01,8903241230361,32966, PRAVIN SCHEZWAN CHUTNEY 90GM,30,30,29-Jul-25,31-Dec-99,SHWETA,30-07-2025 12:02
ST01,8906027036003,35132,SAVAI KOLHAPURI THECHA 100GM,30,30,29-Jul-25,31-Dec-99,SHWETA,30-07-2025 12:00
ST01,8901030819414,35221,LUX FRAGRAANT SKIN 245 ML,99,99,29-Jul-25,31-Dec-99,CHAITRALI,30-07-2025 19:42
ST01,8901719135309,36576,PARLE KRACK JACK RS.40,40,40,29-Jul-25,31-Dec-99,CHAITRALI,30-07-2025 12:11
ST01,8901662039907,36772,SUHANA SUHANA 200 GM,202,200,29-Jul-25,31-Dec-99,SHWETA,29-07-2025 18:45
ST01,8901786490127,36777,EVEREST FISH CURRY MASALA 12GM,10,10,29-Jul-25,31-Dec-99,SHWETA,29-07-2025 21:02
ST01,8909106050945,36786,KNORR GREEN CHILI KN 85 GM,25,25,29-Jul-25,31-Dec-99,SHWETA,30-07-2025 14:40
ST01,8909106048577,36787, KNORR MIX VEG SOUP,10,10,29-Jul-25,31-Dec-99,SHWETA,30-07-2025 14:53
ST01,8901014000159,36791, NISSION HOT & SPICY NOODLES,55,55,29-Jul-25,31-Dec-99,SHWETA,30-07-2025 17:35
ST01,8901014000166,36792, NISSON HOT& SPICY NOODLES KIMCHI,55,55,29-Jul-25,31-Dec-99,SHWETA,30-07-2025 16:28
ST01,8901014000425,36793, NISSION HOT&  SPICY KOREAN CHEESE,55,55,29-Jul-25,31-Dec-99,SHWETA,30-07-2025 17:32
ST01,89080672,36795, MAGGIC MASALA,5,5,29-Jul-25,31-Dec-99,SHWETA,30-07-2025 16:08
ST01,8909106030176,36797,HELLMANN'S,50,50,29-Jul-25,31-Dec-99,SHWETA,30-07-2025 16:24
ST01,8906016352619,36799,SAMRAT A SAMRAT 200 GM,60,60,29-Jul-25,31-Dec-99,SHWETA,30-07-2025 16:40
ST01,8901063023901,36800,BRITANNIA BRITANNIA 250 GM,45,45,29-Jul-25,31-Dec-99,SHWETA,30-07-2025 16:46
ST01,8901063029255,36808,BRITANNIA BRITANNIA JIMJAM 57 GM,10,10,29-Jul-25,31-Dec-99,SHWETA,30-07-2025 17:19
ST01,8901063035164,36809,BRITANNIA  BRITANNIA MILK BILK 47 GM,10,10,29-Jul-25,31-Dec-99,SHWETA,30-07-2025 17:24
ST01,8901014011117,36810,NISSIN  TOP RAMEN ATTA NOODLES,25,25,29-Jul-25,31-Dec-99,SHWETA,30-07-2025 17:32
ST01,8901063163348,36811,BRITANNIA BRITANNIA TIGER 85.3 GM,10,10,29-Jul-25,31-Dec-99,SHWETA,30-07-2025 17:39
ST01,8901063142671,36812,BRITANNIA BRITANNIA NUTRI CHOICE 1.15 KG,350,345,29-Jul-25,31-Dec-99,SHWETA,30-07-2025 17:44
ST01,8901719135170,36813,PARLE PARLE MONOCO 696 GM,150,145,29-Jul-25,31-Dec-99,SHWETA,30-07-2025 17:52
ST01,8901719135323,36814,PARLE PARLE KRACKJACK 705 GM,150,150,29-Jul-25,31-Dec-99,SHWETA,30-07-2025 18:02
ST01,8901719105913,36815,PARLE PARLE HIDE& SEEK 120 GM,30,30,29-Jul-25,31-Dec-99,SHWETA,30-07-2025 18:08
ST01,8901063155527,36816,BRITANNIA BRITANNIA TIGER COCONUT 70 GM,10,10,29-Jul-25,31-Dec-99,SHWETA,30-07-2025 18:18
ST01,8901719112485,36817,PARLE PARLE HIDE&SEEK BLACK 100 GM,30,30,29-Jul-25,31-Dec-99,SHWETA,30-07-2025 18:24
ST01,8901014003174,36818,NISSIN TOP RAMEN CURRY 70 GM,28,28,29-Jul-25,31-Dec-99,SHWETA,30-07-2025 18:28
ST01,8901063093522,36819,BRITANNIA BRITANNIA GOOD DAY 52 GM,10,10,29-Jul-25,31-Dec-99,SHWETA,30-07-2025 18:31
ST01,8901719107771,36820,PARLE PARLE NUTRICRUNCH 200 GM,30,30,29-Jul-25,31-Dec-99,SHWETA,30-07-2025 18:34
ST01,8901719116520,36821,PARLE PARLE HIDE& SEEK CHOCO 120 GM,30,30,29-Jul-25,31-Dec-99,SHWETA,30-07-2025 19:07
ST01,8901719112492,36822,PARLE PARLE HIDE&SEEK BLACK BOU 100 GM,30,30,29-Jul-25,31-Dec-99,SHWETA,30-07-2025 19:41
ST01,8901526012114,36647,GARNIER N0.1 DEEP BLACK RS.35,45,45,29-Jul-25,31-Dec-99,CHAITRALI,30-07-2025 19:36
ST01,8905397162503,34461, SOLANKI BADISHEP PAWDER 50 GM,25,16,29-Jul-25,31-Dec-99,SHWETA,29-07-2025 21:21
ST01,8905397162473,34462, SOLANKI JEERA PAWDER 50 GM,38,38,29-Jul-25,31-Dec-99,SHWETA,29-07-2025 21:16
ST01,8901058021271,36233,NESTLE EVERY DAY RS.10,10,10,29-Jul-25,31-Dec-99,CHAITRALI,30-07-2025 17:01
ST01,8901719134845,35915,PARLE-G RS.5,5,5,29-Jul-25,31-Dec-99,CHAITRALI,30-07-2025 12:22
ST01,8909106004467,35757,VIM MAHA BAR NEW RS.10,10,10,29-Jul-25,31-Dec-99,CHAITRALI,30-07-2025 13:21
ST01,8909106016231,36277,RIN RS.100,100,100,29-Jul-25,31-Dec-99,CHAITRALI,30-07-2025 13:09
ST01,8909106017986,36278,VIM DISH LIQUID RS.205,203,203,29-Jul-25,31-Dec-99,CHAITRALI,30-07-2025 13:06
ST01,8901063093591,36354,BRITANNIA GOOD DAY CASHEW RS.25,25,25,29-Jul-25,31-Dec-99,ADMIN,29-07-2025 17:30
ST01,8901063142657,36072,BRITANNIA NUTRI CHOICE RS.50,50,50,29-Jul-25,31-Dec-99,SHWETA,29-07-2025 16:38
ST01,8909106042674,36128,LUX EVEN-TONED GLOW RS.10,10,10,29-Jul-25,31-Dec-99,CHAITRALI,30-07-2025 19:17
ST01,8901719124389,35779,PARLE MAGIX CHOCOLATE RS.10,10,10,29-Jul-25,31-Dec-99,CHAITRALI,30-07-2025 12:31
ST01,8901063093478,35038,BRITANNIA GOOD DAY CASHEW 1 KG,320,320,29-Jul-25,31-Dec-99,CHAITRALI,30-07-2025 12:34
ST01,8901719124358,35366,PARLE MAGIX ORANGE,5,5,29-Jul-25,31-Dec-99,CHAITRALI,30-07-2025 12:30
ST01,8901719124365,35368,PARLE MAGIX CHOCOLATE RS.5,5,5,29-Jul-25,31-Dec-99,CHAITRALI,30-07-2025 12:25
ST01,8901058010749,36506,MAGGI RS.57,60,60,29-Jul-25,31-Dec-99,SHWETA,30-07-2025 12:21
ST01,8901058017687,36507,MAGGI RS.15,15,15,29-Jul-25,31-Dec-99,SHWETA,30-07-2025 12:21
ST01,8909106040663,36516,SURF EXCEL RS.20,20,20,29-Jul-25,31-Dec-99,CHAITRALI,30-07-2025 13:29
ST01,8909106040670,36531,SURF EXCEL RS.38,38,38,29-Jul-25,31-Dec-99,CHAITRALI,30-07-2025 13:14
ST01,8904018307903,35965,MEDIMIX LIME RS.50,50,50,29-Jul-25,31-Dec-99,CHAITRALI,30-07-2025 18:26
ST01,8901719131219,33921,PARLE-G RS.100,100,100,29-Jul-25,31-Dec-99,CHAITRALI,30-07-2025 12:33
ST01,4987176309877,36018,TIDE BLUE BAR RS.30,30,30,29-Jul-25,31-Dec-99,CHAITRALI,30-07-2025 13:26
ST01,8901063155534,36355,TIGER KRUNCH RS.10,10,10,29-Jul-25,31-Dec-99,SHWETA,30-07-2025 17:34
ST01,8909106036635,36358,LIFEBUOY GERM EXPERT RS.120,120,120,29-Jul-25,31-Dec-99,CHAITRALI,30-07-2025 19:19
ST01,8909106044012,36167,LUX A-EVEN-TONED GLOW RS.40,40,40,29-Jul-25,31-Dec-99,CHAITRALI,30-07-2025 19:15
ST01,8901662044352,36295,SUHANA CHIKEN RASSA MASALA RS.10,10,10,29-Jul-25,31-Dec-99,SHWETA,29-07-2025 20:12
ST01,8901030713361,35833,LIFEBUOY GERM RS.45,45,45,29-Jul-25,31-Dec-99,CHAITRALI,30-07-2025 19:14
ST01,8909106041868,36223,DOVE CREAM BAR RS.45,45,45,29-Jul-25,31-Dec-99,CHAITRALI,30-07-2025 19:13
ST01,8909106042230,36224,LIFEBUOY GERM EXPERT RS.40,40,40,29-Jul-25,31-Dec-99,CHAITRALI,30-07-2025 19:14
ST01,8901063092822,35669,BRITANNIA GOOD DAY BUTTER RS.10,10,10,29-Jul-25,31-Dec-99,SSM,29-07-2025 17:33
ST01,8901063092761,35670,BRITANNIA GOODAY BUTTER JEERA RS.170,200,200,29-Jul-25,31-Dec-99,CHAITRALI,30-07-2025 12:09
ST01,8901063092754,35671,BRITANNIA GOODDAY FRUIT&NUT RS.170,180,180,29-Jul-25,31-Dec-99,CHAITRALI,30-07-2025 12:08
ST01,8901063092754,35671,BRITANNIA GOODDAY FRUIT&NUT RS.170,180,180,29-Jul-25,31-Dec-99,CHAITRALI,30-07-2025 12:07
ST01,8901063004177,35672,BRITANNIA GOODDAY CHOCOCHIP COOKIE RS.10,10,10,29-Jul-25,31-Dec-99,CHAITRALI,30-07-2025 12:30
ST01,7622202225512,35689,OREO VANIILA RS.10,10,10,29-Jul-25,31-Dec-99,CHAITRALI,30-07-2025 12:29
ST01,8909106050211,36683,LUX E&T&G 4+1 RS.170,170,170,29-Jul-25,31-Dec-99,CHAITRALI,30-07-2025 19:17
ST01,4987176309761,35721,TIDE WHITE BAR RS.10,10,10,29-Jul-25,31-Dec-99,CHAITRALI,30-07-2025 13:25
ST01,8909106022010,35727,COMFORT PINK 210ML,58,58,29-Jul-25,31-Dec-99,SHWETA,29-07-2025 16:29
ST01,8909106022010,35727,COMFORT PINK 210ML,58,57,29-Jul-25,31-Dec-99,ADMIN,29-07-2025 15:45
ST01,4987176309853,36455,TIDE WHITE BAR 1 KG RS.115,115,115,29-Jul-25,31-Dec-99,CHAITRALI,30-07-2025 13:27
ST01,8901063367173,36457,BRITANNIA MASKA CHASKA RS.10,10,10,29-Jul-25,31-Dec-99,SHWETA,30-07-2025 17:34
ST01,8901063012868,36458, BRITANINA MILK BISK RS.10,10,10,29-Jul-25,31-Dec-99,SHWETA,30-07-2025 17:33
ST01,4987176309907,35955,TIDE BLUE BAR RS.10,10,10,29-Jul-25,31-Dec-99,CHAITRALI,30-07-2025 13:24
ST01,8901030535895,35994,BRU RS.2,2,2,29-Jul-25,31-Dec-99,CHAITRALI,30-07-2025 16:41
ST01,8901190206512,35995,NIPPO MAHABAR RS.30,30,30,29-Jul-25,31-Dec-99,CHAITRALI,30-07-2025 13:11
ST01,8909106031401,36060,LIFEBUOY LEMON ALOE FRESH RS.10,10,10,29-Jul-25,31-Dec-99,CHAITRALI,30-07-2025 19:24
ST01,8909106006713,36061,LIFEBUOY MILD CARE RS.10,10,10,29-Jul-25,31-Dec-99,CHAITRALI,30-07-2025 19:25
ST01,8901662038917,32298,SUHANA KAJU CURRY MIX 50 GM,45,45,29-Jul-25,31-Dec-99,SHWETA,29-07-2025 20:14
ST01,8901090322077,36263,TATA COFFEE GRAND RS.2,2,2,29-Jul-25,31-Dec-99,CHAITRALI,30-07-2025 16:57
ST01,8901063028241,36275,BRITANNIA NICE TIME RS.25,25,25,29-Jul-25,31-Dec-99,SSM,29-07-2025 17:41
ST01,8901719129889,36286,PARLE G CINNAMON RS.10,10,10,29-Jul-25,31-Dec-99,CHAITRALI,30-07-2025 12:26
ST01,8906109850206,33931,ANYTIME ELAYCHI TEA 200G,100,100,29-Jul-25,31-Dec-99,CHAITRALI,30-07-2025 16:52
ST01,8901396602088,34253,DETTOL ORIGINAL SOAP,195,195,29-Jul-25,31-Dec-99,CHAITRALI,30-07-2025 19:12
ST01,8901719124396,34265,PARLE MAGIX,10,10,29-Jul-25,31-Dec-99,CHAITRALI,30-07-2025 12:27
ST01,8901030980084,36796, KISSAN PEANUT BUTTER,50,50,29-Jul-25,31-Dec-99,SHWETA,30-07-2025 16:16
ST01,8902102163732,32533,EXO BAR 250GM,32,32,29-Jul-25,31-Dec-99,CHAITRALI,30-07-2025 13:11
ST01,8901719135255,36499,PARLE KRACK JACK RS.10,10,10,29-Jul-25,31-Dec-99,CHAITRALI,30-07-2025 12:17
ST01,8904018308467,36612,MEDIMIX SANDAL RS.135,135,135,29-Jul-25,31-Dec-99,CHAITRALI,30-07-2025 18:27
ST01,8901063367203,36803,BRITANNIA  BRITANNIA 5050 59 GM,10,10,29-Jul-25,31-Dec-99,SHWETA,30-07-2025 16:57
ST01,8901063016873,36804,BRITANNIA BRITANNIA 5050 CLASSIC 62 GM,10,10,29-Jul-25,31-Dec-99,SHWETA,30-07-2025 17:01
ST01,8901063162532,36805,BRITANNIA BRITANNIA MARIE GOLD 33 GM,5,5,29-Jul-25,31-Dec-99,SHWETA,30-07-2025 17:04
ST01,8901063033689,36806,BRITANNIA BRITANNIA 51 KG,10,10,29-Jul-25,31-Dec-99,SHWETA,30-07-2025 17:10
ST01,8901063014299,36807,BRITANNIA BRITANNIA VITA MARIE GOLD 246,50,50,29-Jul-25,31-Dec-99,SHWETA,30-07-2025 17:14
ST01,8901725019358,36363,SUNFEAST M&M CASHEW &ALMOND RS.50,50,50,29-Jul-25,31-Dec-99,SHWETA,30-07-2025 16:53
ST01,8901719129933,36132,PARLEG OATS RS 10,10,10,29-Jul-25,31-Dec-99,CHAITRALI,30-07-2025 12:17
ST01,7622202271861,36290,DAIRY MILK SILK BUBBLY RS.100,100,100,29-Jul-25,31-Dec-99,SHWETA,29-07-2025 18:26
ST01,8901662044642,36406,SUHANA AMBARI BHAJKA MASALA RS.400,400,390,29-Jul-25,31-Dec-99,SHWETA,29-07-2025 21:28
ST01,8901662044635,36407,SUHANA AMBARI BHAJKA MASALA RS.170,170,170,29-Jul-25,31-Dec-99,SHWETA,30-07-2025 11:35
ST01,8909106030152,36425,HELLMANN'S SMOKY TANDOORI RS.50,50,50,29-Jul-25,31-Dec-99,SHWETA,30-07-2025 16:25
ST01,8901774005890,36083,BADSHAH SPECIAL GARAM MASALA RS.7,10,10,29-Jul-25,31-Dec-99,SHWETA,29-07-2025 20:28
ST01,,34429,KABOLI CHANA SMALL 1KG,144,144,29-Jul-25,31-Dec-99,SHWETA,29-07-2025 15:27
ST01,8901595854202,36670,CHINGS HOT GARLIC RS.15,15,15,29-Jul-25,31-Dec-99,SHWETA,30-07-2025 12:25
ST01,8901063142534,36729,BRITANNIA NUTRI CHOICE RS.20,20,20,29-Jul-25,31-Dec-99,SSM,29-07-2025 17:32
ST01,,34430,KABOLI CHANA SMALL 500GM,72,72,29-Jul-25,31-Dec-99,SHWETA,29-07-2025 15:28
ST01,,34431,KABOLI CHANA SMALL 250GM,36,36,29-Jul-25,31-Dec-99,CHAITRALI,30-07-2025 16:04
ST01,,34431,KABOLI CHANA SMALL 250GM,36,36,29-Jul-25,31-Dec-99,SHWETA,29-07-2025 15:28
ST01,8901719134852,35852,PARLE -G RS.10,10,10,29-Jul-25,31-Dec-99,CHAITRALI,30-07-2025 12:16
ST01,8901719135118,36070,PARLE MONACO RS.10,10,10,29-Jul-25,31-Dec-99,CHAITRALI,30-07-2025 12:31
ST01,8906011855573,33955,KATDARE  JEERE POWDER RS.10,10,10,29-Jul-25,31-Dec-99,SHWETA,30-07-2025 11:37
ST01,8901719135729,36130,PARLE-G GOLD RS.10,10,10,29-Jul-25,31-Dec-99,CHAITRALI,30-07-2025 12:22
ST01,8901058016222,36069,MAGGI PICHKOO RS.15,15,15,29-Jul-25,31-Dec-99,SHWETA,30-07-2025 12:04
ST01,8901719135156,36082,PARLE MONACO RS.40,40,40,29-Jul-25,31-Dec-99,CHAITRALI,30-07-2025 12:10
ST01,8904035427578,1353,JOY UBTAN TAN REMOMVAL 15ML,15,15,29-Jul-25,31-Dec-99,ADMIN,29-07-2025 15:49
ST01,8909106049703,1354,FAIR & LOVELY RE NEW BRIGHT 110GM,325,324,29-Jul-25,31-Dec-99,ADMIN,29-07-2025 15:54
ST01,8904035428261,1355,JOY COSMATIC JOY COSMATIC SHOWER GEL 250,175,87.5,29-Jul-25,31-Dec-99,SHWETA,29-07-2025 16:23
ST01,8904043926612,36034,TATA SALT RS.120,120,115,29-Jul-25,31-Dec-99,SHWETA,29-07-2025 21:42
ST01,8906027036195,36035,SAVAI KOLHAPURI THECHA RS.17,17,17,29-Jul-25,31-Dec-99,SHWETA,30-07-2025 12:17
ST01,8901058017601,35819,NESCAFE RS.10,10,10,29-Jul-25,31-Dec-99,CHAITRALI,30-07-2025 16:40
